"task_id","scenario","condition_id","replicate","data_seed","method_group","parameters","within_task_grid"
1,"corrected_marginal_overlap",1,1,26191901,"core","n=300;k=3;p_numeric_signal=6;p_numeric_noise=0;q_categorical_signal=4;q_categorical_noise=0;categorical_accuracy=0.6;family=gaussian;ar1_rho=0.5;adjacent_overlap=0.1",""
2,"corrected_marginal_overlap",1,2,26192001,"core","n=300;k=3;p_numeric_signal=6;p_numeric_noise=0;q_categorical_signal=4;q_categorical_noise=0;categorical_accuracy=0.6;family=gaussian;ar1_rho=0.5;adjacent_overlap=0.1",""
3,"corrected_marginal_overlap",1,3,26192101,"core","n=300;k=3;p_numeric_signal=6;p_numeric_noise=0;q_categorical_signal=4;q_categorical_noise=0;categorical_accuracy=0.6;family=gaussian;ar1_rho=0.5;adjacent_overlap=0.1",""
4,"corrected_marginal_overlap",1,4,26192201,"core","n=300;k=3;p_numeric_signal=6;p_numeric_noise=0;q_categorical_signal=4;q_categorical_noise=0;categorical_accuracy=0.6;family=gaussian;ar1_rho=0.5;adjacent_overlap=0.1",""
5,"corrected_marginal_overlap",1,5,26192301,"core","n=300;k=3;p_numeric_signal=6;p_numeric_noise=0;q_categorical_signal=4;q_categorical_noise=0;categorical_accuracy=0.6;family=gaussian;ar1_rho=0.5;adjacent_overlap=0.1",""
6,"corrected_marginal_overlap",1,6,26192401,"core","n=300;k=3;p_numeric_signal=6;p_numeric_noise=0;q_categorical_signal=4;q_categorical_noise=0;categorical_accuracy=0.6;family=gaussian;ar1_rho=0.5;adjacent_overlap=0.1",""
7,"corrected_marginal_overlap",1,7,26192501,"core","n=300;k=3;p_numeric_signal=6;p_numeric_noise=0;q_categorical_signal=4;q_categorical_noise=0;categorical_accuracy=0.6;family=gaussian;ar1_rho=0.5;adjacent_overlap=0.1",""
8,"corrected_marginal_overlap",1,8,26192601,"core","n=300;k=3;p_numeric_signal=6;p_numeric_noise=0;q_categorical_signal=4;q_categorical_noise=0;categorical_accuracy=0.6;family=gaussian;ar1_rho=0.5;adjacent_overlap=0.1",""
9,"corrected_marginal_overlap",1,9,26192701,"core","n=300;k=3;p_numeric_signal=6;p_numeric_noise=0;q_categorical_signal=4;q_categorical_noise=0;categorical_accuracy=0.6;family=gaussian;ar1_rho=0.5;adjacent_overlap=0.1",""
10,"corrected_marginal_overlap",1,10,26192801,"core","n=300;k=3;p_numeric_signal=6;p_numeric_noise=0;q_categorical_signal=4;q_categorical_noise=0;categorical_accuracy=0.6;family=gaussian;ar1_rho=0.5;adjacent_overlap=0.1",""
11,"corrected_marginal_overlap",1,11,26192901,"core","n=300;k=3;p_numeric_signal=6;p_numeric_noise=0;q_categorical_signal=4;q_categorical_noise=0;categorical_accuracy=0.6;family=gaussian;ar1_rho=0.5;adjacent_overlap=0.1",""
12,"corrected_marginal_overlap",1,12,26193001,"core","n=300;k=3;p_numeric_signal=6;p_numeric_noise=0;q_categorical_signal=4;q_categorical_noise=0;categorical_accuracy=0.6;family=gaussian;ar1_rho=0.5;adjacent_overlap=0.1",""
13,"corrected_marginal_overlap",1,13,26193101,"core","n=300;k=3;p_numeric_signal=6;p_numeric_noise=0;q_categorical_signal=4;q_categorical_noise=0;categorical_accuracy=0.6;family=gaussian;ar1_rho=0.5;adjacent_overlap=0.1",""
14,"corrected_marginal_overlap",1,14,26193201,"core","n=300;k=3;p_numeric_signal=6;p_numeric_noise=0;q_categorical_signal=4;q_categorical_noise=0;categorical_accuracy=0.6;family=gaussian;ar1_rho=0.5;adjacent_overlap=0.1",""
15,"corrected_marginal_overlap",1,15,26193301,"core","n=300;k=3;p_numeric_signal=6;p_numeric_noise=0;q_categorical_signal=4;q_categorical_noise=0;categorical_accuracy=0.6;family=gaussian;ar1_rho=0.5;adjacent_overlap=0.1",""
16,"corrected_marginal_overlap",1,16,26193401,"core","n=300;k=3;p_numeric_signal=6;p_numeric_noise=0;q_categorical_signal=4;q_categorical_noise=0;categorical_accuracy=0.6;family=gaussian;ar1_rho=0.5;adjacent_overlap=0.1",""
17,"corrected_marginal_overlap",1,17,26193501,"core","n=300;k=3;p_numeric_signal=6;p_numeric_noise=0;q_categorical_signal=4;q_categorical_noise=0;categorical_accuracy=0.6;family=gaussian;ar1_rho=0.5;adjacent_overlap=0.1",""
18,"corrected_marginal_overlap",1,18,26193601,"core","n=300;k=3;p_numeric_signal=6;p_numeric_noise=0;q_categorical_signal=4;q_categorical_noise=0;categorical_accuracy=0.6;family=gaussian;ar1_rho=0.5;adjacent_overlap=0.1",""
19,"corrected_marginal_overlap",1,19,26193701,"core","n=300;k=3;p_numeric_signal=6;p_numeric_noise=0;q_categorical_signal=4;q_categorical_noise=0;categorical_accuracy=0.6;family=gaussian;ar1_rho=0.5;adjacent_overlap=0.1",""
20,"corrected_marginal_overlap",1,20,26193801,"core","n=300;k=3;p_numeric_signal=6;p_numeric_noise=0;q_categorical_signal=4;q_categorical_noise=0;categorical_accuracy=0.6;family=gaussian;ar1_rho=0.5;adjacent_overlap=0.1",""
21,"corrected_marginal_overlap",1,21,26193901,"core","n=300;k=3;p_numeric_signal=6;p_numeric_noise=0;q_categorical_signal=4;q_categorical_noise=0;categorical_accuracy=0.6;family=gaussian;ar1_rho=0.5;adjacent_overlap=0.1",""
22,"corrected_marginal_overlap",1,22,26194001,"core","n=300;k=3;p_numeric_signal=6;p_numeric_noise=0;q_categorical_signal=4;q_categorical_noise=0;categorical_accuracy=0.6;family=gaussian;ar1_rho=0.5;adjacent_overlap=0.1",""
23,"corrected_marginal_overlap",1,23,26194101,"core","n=300;k=3;p_numeric_signal=6;p_numeric_noise=0;q_categorical_signal=4;q_categorical_noise=0;categorical_accuracy=0.6;family=gaussian;ar1_rho=0.5;adjacent_overlap=0.1",""
24,"corrected_marginal_overlap",1,24,26194201,"core","n=300;k=3;p_numeric_signal=6;p_numeric_noise=0;q_categorical_signal=4;q_categorical_noise=0;categorical_accuracy=0.6;family=gaussian;ar1_rho=0.5;adjacent_overlap=0.1",""
25,"corrected_marginal_overlap",1,25,26194301,"core","n=300;k=3;p_numeric_signal=6;p_numeric_noise=0;q_categorical_signal=4;q_categorical_noise=0;categorical_accuracy=0.6;family=gaussian;ar1_rho=0.5;adjacent_overlap=0.1",""
26,"corrected_marginal_overlap",1,26,26194401,"core","n=300;k=3;p_numeric_signal=6;p_numeric_noise=0;q_categorical_signal=4;q_categorical_noise=0;categorical_accuracy=0.6;family=gaussian;ar1_rho=0.5;adjacent_overlap=0.1",""
27,"corrected_marginal_overlap",1,27,26194501,"core","n=300;k=3;p_numeric_signal=6;p_numeric_noise=0;q_categorical_signal=4;q_categorical_noise=0;categorical_accuracy=0.6;family=gaussian;ar1_rho=0.5;adjacent_overlap=0.1",""
28,"corrected_marginal_overlap",1,28,26194601,"core","n=300;k=3;p_numeric_signal=6;p_numeric_noise=0;q_categorical_signal=4;q_categorical_noise=0;categorical_accuracy=0.6;family=gaussian;ar1_rho=0.5;adjacent_overlap=0.1",""
29,"corrected_marginal_overlap",1,29,26194701,"core","n=300;k=3;p_numeric_signal=6;p_numeric_noise=0;q_categorical_signal=4;q_categorical_noise=0;categorical_accuracy=0.6;family=gaussian;ar1_rho=0.5;adjacent_overlap=0.1",""
30,"corrected_marginal_overlap",1,30,26194801,"core","n=300;k=3;p_numeric_signal=6;p_numeric_noise=0;q_categorical_signal=4;q_categorical_noise=0;categorical_accuracy=0.6;family=gaussian;ar1_rho=0.5;adjacent_overlap=0.1",""
31,"corrected_marginal_overlap",1,31,26194901,"core","n=300;k=3;p_numeric_signal=6;p_numeric_noise=0;q_categorical_signal=4;q_categorical_noise=0;categorical_accuracy=0.6;family=gaussian;ar1_rho=0.5;adjacent_overlap=0.1",""
32,"corrected_marginal_overlap",1,32,26195001,"core","n=300;k=3;p_numeric_signal=6;p_numeric_noise=0;q_categorical_signal=4;q_categorical_noise=0;categorical_accuracy=0.6;family=gaussian;ar1_rho=0.5;adjacent_overlap=0.1",""
33,"corrected_marginal_overlap",1,33,26195101,"core","n=300;k=3;p_numeric_signal=6;p_numeric_noise=0;q_categorical_signal=4;q_categorical_noise=0;categorical_accuracy=0.6;family=gaussian;ar1_rho=0.5;adjacent_overlap=0.1",""
34,"corrected_marginal_overlap",1,34,26195201,"core","n=300;k=3;p_numeric_signal=6;p_numeric_noise=0;q_categorical_signal=4;q_categorical_noise=0;categorical_accuracy=0.6;family=gaussian;ar1_rho=0.5;adjacent_overlap=0.1",""
35,"corrected_marginal_overlap",1,35,26195301,"core","n=300;k=3;p_numeric_signal=6;p_numeric_noise=0;q_categorical_signal=4;q_categorical_noise=0;categorical_accuracy=0.6;family=gaussian;ar1_rho=0.5;adjacent_overlap=0.1",""
36,"corrected_marginal_overlap",1,36,26195401,"core","n=300;k=3;p_numeric_signal=6;p_numeric_noise=0;q_categorical_signal=4;q_categorical_noise=0;categorical_accuracy=0.6;family=gaussian;ar1_rho=0.5;adjacent_overlap=0.1",""
37,"corrected_marginal_overlap",1,37,26195501,"core","n=300;k=3;p_numeric_signal=6;p_numeric_noise=0;q_categorical_signal=4;q_categorical_noise=0;categorical_accuracy=0.6;family=gaussian;ar1_rho=0.5;adjacent_overlap=0.1",""
38,"corrected_marginal_overlap",1,38,26195601,"core","n=300;k=3;p_numeric_signal=6;p_numeric_noise=0;q_categorical_signal=4;q_categorical_noise=0;categorical_accuracy=0.6;family=gaussian;ar1_rho=0.5;adjacent_overlap=0.1",""
39,"corrected_marginal_overlap",1,39,26195701,"core","n=300;k=3;p_numeric_signal=6;p_numeric_noise=0;q_categorical_signal=4;q_categorical_noise=0;categorical_accuracy=0.6;family=gaussian;ar1_rho=0.5;adjacent_overlap=0.1",""
40,"corrected_marginal_overlap",1,40,26195801,"core","n=300;k=3;p_numeric_signal=6;p_numeric_noise=0;q_categorical_signal=4;q_categorical_noise=0;categorical_accuracy=0.6;family=gaussian;ar1_rho=0.5;adjacent_overlap=0.1",""
41,"corrected_marginal_overlap",1,41,26195901,"core","n=300;k=3;p_numeric_signal=6;p_numeric_noise=0;q_categorical_signal=4;q_categorical_noise=0;categorical_accuracy=0.6;family=gaussian;ar1_rho=0.5;adjacent_overlap=0.1",""
42,"corrected_marginal_overlap",1,42,26196001,"core","n=300;k=3;p_numeric_signal=6;p_numeric_noise=0;q_categorical_signal=4;q_categorical_noise=0;categorical_accuracy=0.6;family=gaussian;ar1_rho=0.5;adjacent_overlap=0.1",""
43,"corrected_marginal_overlap",1,43,26196101,"core","n=300;k=3;p_numeric_signal=6;p_numeric_noise=0;q_categorical_signal=4;q_categorical_noise=0;categorical_accuracy=0.6;family=gaussian;ar1_rho=0.5;adjacent_overlap=0.1",""
44,"corrected_marginal_overlap",1,44,26196201,"core","n=300;k=3;p_numeric_signal=6;p_numeric_noise=0;q_categorical_signal=4;q_categorical_noise=0;categorical_accuracy=0.6;family=gaussian;ar1_rho=0.5;adjacent_overlap=0.1",""
45,"corrected_marginal_overlap",1,45,26196301,"core","n=300;k=3;p_numeric_signal=6;p_numeric_noise=0;q_categorical_signal=4;q_categorical_noise=0;categorical_accuracy=0.6;family=gaussian;ar1_rho=0.5;adjacent_overlap=0.1",""
46,"corrected_marginal_overlap",1,46,26196401,"core","n=300;k=3;p_numeric_signal=6;p_numeric_noise=0;q_categorical_signal=4;q_categorical_noise=0;categorical_accuracy=0.6;family=gaussian;ar1_rho=0.5;adjacent_overlap=0.1",""
47,"corrected_marginal_overlap",1,47,26196501,"core","n=300;k=3;p_numeric_signal=6;p_numeric_noise=0;q_categorical_signal=4;q_categorical_noise=0;categorical_accuracy=0.6;family=gaussian;ar1_rho=0.5;adjacent_overlap=0.1",""
48,"corrected_marginal_overlap",1,48,26196601,"core","n=300;k=3;p_numeric_signal=6;p_numeric_noise=0;q_categorical_signal=4;q_categorical_noise=0;categorical_accuracy=0.6;family=gaussian;ar1_rho=0.5;adjacent_overlap=0.1",""
49,"corrected_marginal_overlap",1,49,26196701,"core","n=300;k=3;p_numeric_signal=6;p_numeric_noise=0;q_categorical_signal=4;q_categorical_noise=0;categorical_accuracy=0.6;family=gaussian;ar1_rho=0.5;adjacent_overlap=0.1",""
50,"corrected_marginal_overlap",1,50,26196801,"core","n=300;k=3;p_numeric_signal=6;p_numeric_noise=0;q_categorical_signal=4;q_categorical_noise=0;categorical_accuracy=0.6;family=gaussian;ar1_rho=0.5;adjacent_overlap=0.1",""
51,"corrected_marginal_overlap",2,1,26191901,"core","n=300;k=3;p_numeric_signal=6;p_numeric_noise=0;q_categorical_signal=4;q_categorical_noise=0;categorical_accuracy=0.6;family=gaussian;ar1_rho=0.5;adjacent_overlap=0.25",""
52,"corrected_marginal_overlap",2,2,26192001,"core","n=300;k=3;p_numeric_signal=6;p_numeric_noise=0;q_categorical_signal=4;q_categorical_noise=0;categorical_accuracy=0.6;family=gaussian;ar1_rho=0.5;adjacent_overlap=0.25",""
53,"corrected_marginal_overlap",2,3,26192101,"core","n=300;k=3;p_numeric_signal=6;p_numeric_noise=0;q_categorical_signal=4;q_categorical_noise=0;categorical_accuracy=0.6;family=gaussian;ar1_rho=0.5;adjacent_overlap=0.25",""
54,"corrected_marginal_overlap",2,4,26192201,"core","n=300;k=3;p_numeric_signal=6;p_numeric_noise=0;q_categorical_signal=4;q_categorical_noise=0;categorical_accuracy=0.6;family=gaussian;ar1_rho=0.5;adjacent_overlap=0.25",""
55,"corrected_marginal_overlap",2,5,26192301,"core","n=300;k=3;p_numeric_signal=6;p_numeric_noise=0;q_categorical_signal=4;q_categorical_noise=0;categorical_accuracy=0.6;family=gaussian;ar1_rho=0.5;adjacent_overlap=0.25",""
56,"corrected_marginal_overlap",2,6,26192401,"core","n=300;k=3;p_numeric_signal=6;p_numeric_noise=0;q_categorical_signal=4;q_categorical_noise=0;categorical_accuracy=0.6;family=gaussian;ar1_rho=0.5;adjacent_overlap=0.25",""
57,"corrected_marginal_overlap",2,7,26192501,"core","n=300;k=3;p_numeric_signal=6;p_numeric_noise=0;q_categorical_signal=4;q_categorical_noise=0;categorical_accuracy=0.6;family=gaussian;ar1_rho=0.5;adjacent_overlap=0.25",""
58,"corrected_marginal_overlap",2,8,26192601,"core","n=300;k=3;p_numeric_signal=6;p_numeric_noise=0;q_categorical_signal=4;q_categorical_noise=0;categorical_accuracy=0.6;family=gaussian;ar1_rho=0.5;adjacent_overlap=0.25",""
59,"corrected_marginal_overlap",2,9,26192701,"core","n=300;k=3;p_numeric_signal=6;p_numeric_noise=0;q_categorical_signal=4;q_categorical_noise=0;categorical_accuracy=0.6;family=gaussian;ar1_rho=0.5;adjacent_overlap=0.25",""
60,"corrected_marginal_overlap",2,10,26192801,"core","n=300;k=3;p_numeric_signal=6;p_numeric_noise=0;q_categorical_signal=4;q_categorical_noise=0;categorical_accuracy=0.6;family=gaussian;ar1_rho=0.5;adjacent_overlap=0.25",""
61,"corrected_marginal_overlap",2,11,26192901,"core","n=300;k=3;p_numeric_signal=6;p_numeric_noise=0;q_categorical_signal=4;q_categorical_noise=0;categorical_accuracy=0.6;family=gaussian;ar1_rho=0.5;adjacent_overlap=0.25",""
62,"corrected_marginal_overlap",2,12,26193001,"core","n=300;k=3;p_numeric_signal=6;p_numeric_noise=0;q_categorical_signal=4;q_categorical_noise=0;categorical_accuracy=0.6;family=gaussian;ar1_rho=0.5;adjacent_overlap=0.25",""
63,"corrected_marginal_overlap",2,13,26193101,"core","n=300;k=3;p_numeric_signal=6;p_numeric_noise=0;q_categorical_signal=4;q_categorical_noise=0;categorical_accuracy=0.6;family=gaussian;ar1_rho=0.5;adjacent_overlap=0.25",""
64,"corrected_marginal_overlap",2,14,26193201,"core","n=300;k=3;p_numeric_signal=6;p_numeric_noise=0;q_categorical_signal=4;q_categorical_noise=0;categorical_accuracy=0.6;family=gaussian;ar1_rho=0.5;adjacent_overlap=0.25",""
65,"corrected_marginal_overlap",2,15,26193301,"core","n=300;k=3;p_numeric_signal=6;p_numeric_noise=0;q_categorical_signal=4;q_categorical_noise=0;categorical_accuracy=0.6;family=gaussian;ar1_rho=0.5;adjacent_overlap=0.25",""
66,"corrected_marginal_overlap",2,16,26193401,"core","n=300;k=3;p_numeric_signal=6;p_numeric_noise=0;q_categorical_signal=4;q_categorical_noise=0;categorical_accuracy=0.6;family=gaussian;ar1_rho=0.5;adjacent_overlap=0.25",""
67,"corrected_marginal_overlap",2,17,26193501,"core","n=300;k=3;p_numeric_signal=6;p_numeric_noise=0;q_categorical_signal=4;q_categorical_noise=0;categorical_accuracy=0.6;family=gaussian;ar1_rho=0.5;adjacent_overlap=0.25",""
68,"corrected_marginal_overlap",2,18,26193601,"core","n=300;k=3;p_numeric_signal=6;p_numeric_noise=0;q_categorical_signal=4;q_categorical_noise=0;categorical_accuracy=0.6;family=gaussian;ar1_rho=0.5;adjacent_overlap=0.25",""
69,"corrected_marginal_overlap",2,19,26193701,"core","n=300;k=3;p_numeric_signal=6;p_numeric_noise=0;q_categorical_signal=4;q_categorical_noise=0;categorical_accuracy=0.6;family=gaussian;ar1_rho=0.5;adjacent_overlap=0.25",""
70,"corrected_marginal_overlap",2,20,26193801,"core","n=300;k=3;p_numeric_signal=6;p_numeric_noise=0;q_categorical_signal=4;q_categorical_noise=0;categorical_accuracy=0.6;family=gaussian;ar1_rho=0.5;adjacent_overlap=0.25",""
71,"corrected_marginal_overlap",2,21,26193901,"core","n=300;k=3;p_numeric_signal=6;p_numeric_noise=0;q_categorical_signal=4;q_categorical_noise=0;categorical_accuracy=0.6;family=gaussian;ar1_rho=0.5;adjacent_overlap=0.25",""
72,"corrected_marginal_overlap",2,22,26194001,"core","n=300;k=3;p_numeric_signal=6;p_numeric_noise=0;q_categorical_signal=4;q_categorical_noise=0;categorical_accuracy=0.6;family=gaussian;ar1_rho=0.5;adjacent_overlap=0.25",""
73,"corrected_marginal_overlap",2,23,26194101,"core","n=300;k=3;p_numeric_signal=6;p_numeric_noise=0;q_categorical_signal=4;q_categorical_noise=0;categorical_accuracy=0.6;family=gaussian;ar1_rho=0.5;adjacent_overlap=0.25",""
74,"corrected_marginal_overlap",2,24,26194201,"core","n=300;k=3;p_numeric_signal=6;p_numeric_noise=0;q_categorical_signal=4;q_categorical_noise=0;categorical_accuracy=0.6;family=gaussian;ar1_rho=0.5;adjacent_overlap=0.25",""
75,"corrected_marginal_overlap",2,25,26194301,"core","n=300;k=3;p_numeric_signal=6;p_numeric_noise=0;q_categorical_signal=4;q_categorical_noise=0;categorical_accuracy=0.6;family=gaussian;ar1_rho=0.5;adjacent_overlap=0.25",""
76,"corrected_marginal_overlap",2,26,26194401,"core","n=300;k=3;p_numeric_signal=6;p_numeric_noise=0;q_categorical_signal=4;q_categorical_noise=0;categorical_accuracy=0.6;family=gaussian;ar1_rho=0.5;adjacent_overlap=0.25",""
77,"corrected_marginal_overlap",2,27,26194501,"core","n=300;k=3;p_numeric_signal=6;p_numeric_noise=0;q_categorical_signal=4;q_categorical_noise=0;categorical_accuracy=0.6;family=gaussian;ar1_rho=0.5;adjacent_overlap=0.25",""
78,"corrected_marginal_overlap",2,28,26194601,"core","n=300;k=3;p_numeric_signal=6;p_numeric_noise=0;q_categorical_signal=4;q_categorical_noise=0;categorical_accuracy=0.6;family=gaussian;ar1_rho=0.5;adjacent_overlap=0.25",""
79,"corrected_marginal_overlap",2,29,26194701,"core","n=300;k=3;p_numeric_signal=6;p_numeric_noise=0;q_categorical_signal=4;q_categorical_noise=0;categorical_accuracy=0.6;family=gaussian;ar1_rho=0.5;adjacent_overlap=0.25",""
80,"corrected_marginal_overlap",2,30,26194801,"core","n=300;k=3;p_numeric_signal=6;p_numeric_noise=0;q_categorical_signal=4;q_categorical_noise=0;categorical_accuracy=0.6;family=gaussian;ar1_rho=0.5;adjacent_overlap=0.25",""
81,"corrected_marginal_overlap",2,31,26194901,"core","n=300;k=3;p_numeric_signal=6;p_numeric_noise=0;q_categorical_signal=4;q_categorical_noise=0;categorical_accuracy=0.6;family=gaussian;ar1_rho=0.5;adjacent_overlap=0.25",""
82,"corrected_marginal_overlap",2,32,26195001,"core","n=300;k=3;p_numeric_signal=6;p_numeric_noise=0;q_categorical_signal=4;q_categorical_noise=0;categorical_accuracy=0.6;family=gaussian;ar1_rho=0.5;adjacent_overlap=0.25",""
83,"corrected_marginal_overlap",2,33,26195101,"core","n=300;k=3;p_numeric_signal=6;p_numeric_noise=0;q_categorical_signal=4;q_categorical_noise=0;categorical_accuracy=0.6;family=gaussian;ar1_rho=0.5;adjacent_overlap=0.25",""
84,"corrected_marginal_overlap",2,34,26195201,"core","n=300;k=3;p_numeric_signal=6;p_numeric_noise=0;q_categorical_signal=4;q_categorical_noise=0;categorical_accuracy=0.6;family=gaussian;ar1_rho=0.5;adjacent_overlap=0.25",""
85,"corrected_marginal_overlap",2,35,26195301,"core","n=300;k=3;p_numeric_signal=6;p_numeric_noise=0;q_categorical_signal=4;q_categorical_noise=0;categorical_accuracy=0.6;family=gaussian;ar1_rho=0.5;adjacent_overlap=0.25",""
86,"corrected_marginal_overlap",2,36,26195401,"core","n=300;k=3;p_numeric_signal=6;p_numeric_noise=0;q_categorical_signal=4;q_categorical_noise=0;categorical_accuracy=0.6;family=gaussian;ar1_rho=0.5;adjacent_overlap=0.25",""
87,"corrected_marginal_overlap",2,37,26195501,"core","n=300;k=3;p_numeric_signal=6;p_numeric_noise=0;q_categorical_signal=4;q_categorical_noise=0;categorical_accuracy=0.6;family=gaussian;ar1_rho=0.5;adjacent_overlap=0.25",""
88,"corrected_marginal_overlap",2,38,26195601,"core","n=300;k=3;p_numeric_signal=6;p_numeric_noise=0;q_categorical_signal=4;q_categorical_noise=0;categorical_accuracy=0.6;family=gaussian;ar1_rho=0.5;adjacent_overlap=0.25",""
89,"corrected_marginal_overlap",2,39,26195701,"core","n=300;k=3;p_numeric_signal=6;p_numeric_noise=0;q_categorical_signal=4;q_categorical_noise=0;categorical_accuracy=0.6;family=gaussian;ar1_rho=0.5;adjacent_overlap=0.25",""
90,"corrected_marginal_overlap",2,40,26195801,"core","n=300;k=3;p_numeric_signal=6;p_numeric_noise=0;q_categorical_signal=4;q_categorical_noise=0;categorical_accuracy=0.6;family=gaussian;ar1_rho=0.5;adjacent_overlap=0.25",""
91,"corrected_marginal_overlap",2,41,26195901,"core","n=300;k=3;p_numeric_signal=6;p_numeric_noise=0;q_categorical_signal=4;q_categorical_noise=0;categorical_accuracy=0.6;family=gaussian;ar1_rho=0.5;adjacent_overlap=0.25",""
92,"corrected_marginal_overlap",2,42,26196001,"core","n=300;k=3;p_numeric_signal=6;p_numeric_noise=0;q_categorical_signal=4;q_categorical_noise=0;categorical_accuracy=0.6;family=gaussian;ar1_rho=0.5;adjacent_overlap=0.25",""
93,"corrected_marginal_overlap",2,43,26196101,"core","n=300;k=3;p_numeric_signal=6;p_numeric_noise=0;q_categorical_signal=4;q_categorical_noise=0;categorical_accuracy=0.6;family=gaussian;ar1_rho=0.5;adjacent_overlap=0.25",""
94,"corrected_marginal_overlap",2,44,26196201,"core","n=300;k=3;p_numeric_signal=6;p_numeric_noise=0;q_categorical_signal=4;q_categorical_noise=0;categorical_accuracy=0.6;family=gaussian;ar1_rho=0.5;adjacent_overlap=0.25",""
95,"corrected_marginal_overlap",2,45,26196301,"core","n=300;k=3;p_numeric_signal=6;p_numeric_noise=0;q_categorical_signal=4;q_categorical_noise=0;categorical_accuracy=0.6;family=gaussian;ar1_rho=0.5;adjacent_overlap=0.25",""
96,"corrected_marginal_overlap",2,46,26196401,"core","n=300;k=3;p_numeric_signal=6;p_numeric_noise=0;q_categorical_signal=4;q_categorical_noise=0;categorical_accuracy=0.6;family=gaussian;ar1_rho=0.5;adjacent_overlap=0.25",""
97,"corrected_marginal_overlap",2,47,26196501,"core","n=300;k=3;p_numeric_signal=6;p_numeric_noise=0;q_categorical_signal=4;q_categorical_noise=0;categorical_accuracy=0.6;family=gaussian;ar1_rho=0.5;adjacent_overlap=0.25",""
98,"corrected_marginal_overlap",2,48,26196601,"core","n=300;k=3;p_numeric_signal=6;p_numeric_noise=0;q_categorical_signal=4;q_categorical_noise=0;categorical_accuracy=0.6;family=gaussian;ar1_rho=0.5;adjacent_overlap=0.25",""
99,"corrected_marginal_overlap",2,49,26196701,"core","n=300;k=3;p_numeric_signal=6;p_numeric_noise=0;q_categorical_signal=4;q_categorical_noise=0;categorical_accuracy=0.6;family=gaussian;ar1_rho=0.5;adjacent_overlap=0.25",""
100,"corrected_marginal_overlap",2,50,26196801,"core","n=300;k=3;p_numeric_signal=6;p_numeric_noise=0;q_categorical_signal=4;q_categorical_noise=0;categorical_accuracy=0.6;family=gaussian;ar1_rho=0.5;adjacent_overlap=0.25",""
101,"corrected_marginal_overlap",3,1,26191901,"core","n=300;k=3;p_numeric_signal=6;p_numeric_noise=0;q_categorical_signal=4;q_categorical_noise=0;categorical_accuracy=0.6;family=gaussian;ar1_rho=0.5;adjacent_overlap=0.4",""
102,"corrected_marginal_overlap",3,2,26192001,"core","n=300;k=3;p_numeric_signal=6;p_numeric_noise=0;q_categorical_signal=4;q_categorical_noise=0;categorical_accuracy=0.6;family=gaussian;ar1_rho=0.5;adjacent_overlap=0.4",""
103,"corrected_marginal_overlap",3,3,26192101,"core","n=300;k=3;p_numeric_signal=6;p_numeric_noise=0;q_categorical_signal=4;q_categorical_noise=0;categorical_accuracy=0.6;family=gaussian;ar1_rho=0.5;adjacent_overlap=0.4",""
104,"corrected_marginal_overlap",3,4,26192201,"core","n=300;k=3;p_numeric_signal=6;p_numeric_noise=0;q_categorical_signal=4;q_categorical_noise=0;categorical_accuracy=0.6;family=gaussian;ar1_rho=0.5;adjacent_overlap=0.4",""
105,"corrected_marginal_overlap",3,5,26192301,"core","n=300;k=3;p_numeric_signal=6;p_numeric_noise=0;q_categorical_signal=4;q_categorical_noise=0;categorical_accuracy=0.6;family=gaussian;ar1_rho=0.5;adjacent_overlap=0.4",""
106,"corrected_marginal_overlap",3,6,26192401,"core","n=300;k=3;p_numeric_signal=6;p_numeric_noise=0;q_categorical_signal=4;q_categorical_noise=0;categorical_accuracy=0.6;family=gaussian;ar1_rho=0.5;adjacent_overlap=0.4",""
107,"corrected_marginal_overlap",3,7,26192501,"core","n=300;k=3;p_numeric_signal=6;p_numeric_noise=0;q_categorical_signal=4;q_categorical_noise=0;categorical_accuracy=0.6;family=gaussian;ar1_rho=0.5;adjacent_overlap=0.4",""
108,"corrected_marginal_overlap",3,8,26192601,"core","n=300;k=3;p_numeric_signal=6;p_numeric_noise=0;q_categorical_signal=4;q_categorical_noise=0;categorical_accuracy=0.6;family=gaussian;ar1_rho=0.5;adjacent_overlap=0.4",""
109,"corrected_marginal_overlap",3,9,26192701,"core","n=300;k=3;p_numeric_signal=6;p_numeric_noise=0;q_categorical_signal=4;q_categorical_noise=0;categorical_accuracy=0.6;family=gaussian;ar1_rho=0.5;adjacent_overlap=0.4",""
110,"corrected_marginal_overlap",3,10,26192801,"core","n=300;k=3;p_numeric_signal=6;p_numeric_noise=0;q_categorical_signal=4;q_categorical_noise=0;categorical_accuracy=0.6;family=gaussian;ar1_rho=0.5;adjacent_overlap=0.4",""
111,"corrected_marginal_overlap",3,11,26192901,"core","n=300;k=3;p_numeric_signal=6;p_numeric_noise=0;q_categorical_signal=4;q_categorical_noise=0;categorical_accuracy=0.6;family=gaussian;ar1_rho=0.5;adjacent_overlap=0.4",""
112,"corrected_marginal_overlap",3,12,26193001,"core","n=300;k=3;p_numeric_signal=6;p_numeric_noise=0;q_categorical_signal=4;q_categorical_noise=0;categorical_accuracy=0.6;family=gaussian;ar1_rho=0.5;adjacent_overlap=0.4",""
113,"corrected_marginal_overlap",3,13,26193101,"core","n=300;k=3;p_numeric_signal=6;p_numeric_noise=0;q_categorical_signal=4;q_categorical_noise=0;categorical_accuracy=0.6;family=gaussian;ar1_rho=0.5;adjacent_overlap=0.4",""
114,"corrected_marginal_overlap",3,14,26193201,"core","n=300;k=3;p_numeric_signal=6;p_numeric_noise=0;q_categorical_signal=4;q_categorical_noise=0;categorical_accuracy=0.6;family=gaussian;ar1_rho=0.5;adjacent_overlap=0.4",""
115,"corrected_marginal_overlap",3,15,26193301,"core","n=300;k=3;p_numeric_signal=6;p_numeric_noise=0;q_categorical_signal=4;q_categorical_noise=0;categorical_accuracy=0.6;family=gaussian;ar1_rho=0.5;adjacent_overlap=0.4",""
116,"corrected_marginal_overlap",3,16,26193401,"core","n=300;k=3;p_numeric_signal=6;p_numeric_noise=0;q_categorical_signal=4;q_categorical_noise=0;categorical_accuracy=0.6;family=gaussian;ar1_rho=0.5;adjacent_overlap=0.4",""
117,"corrected_marginal_overlap",3,17,26193501,"core","n=300;k=3;p_numeric_signal=6;p_numeric_noise=0;q_categorical_signal=4;q_categorical_noise=0;categorical_accuracy=0.6;family=gaussian;ar1_rho=0.5;adjacent_overlap=0.4",""
118,"corrected_marginal_overlap",3,18,26193601,"core","n=300;k=3;p_numeric_signal=6;p_numeric_noise=0;q_categorical_signal=4;q_categorical_noise=0;categorical_accuracy=0.6;family=gaussian;ar1_rho=0.5;adjacent_overlap=0.4",""
119,"corrected_marginal_overlap",3,19,26193701,"core","n=300;k=3;p_numeric_signal=6;p_numeric_noise=0;q_categorical_signal=4;q_categorical_noise=0;categorical_accuracy=0.6;family=gaussian;ar1_rho=0.5;adjacent_overlap=0.4",""
120,"corrected_marginal_overlap",3,20,26193801,"core","n=300;k=3;p_numeric_signal=6;p_numeric_noise=0;q_categorical_signal=4;q_categorical_noise=0;categorical_accuracy=0.6;family=gaussian;ar1_rho=0.5;adjacent_overlap=0.4",""
121,"corrected_marginal_overlap",3,21,26193901,"core","n=300;k=3;p_numeric_signal=6;p_numeric_noise=0;q_categorical_signal=4;q_categorical_noise=0;categorical_accuracy=0.6;family=gaussian;ar1_rho=0.5;adjacent_overlap=0.4",""
122,"corrected_marginal_overlap",3,22,26194001,"core","n=300;k=3;p_numeric_signal=6;p_numeric_noise=0;q_categorical_signal=4;q_categorical_noise=0;categorical_accuracy=0.6;family=gaussian;ar1_rho=0.5;adjacent_overlap=0.4",""
123,"corrected_marginal_overlap",3,23,26194101,"core","n=300;k=3;p_numeric_signal=6;p_numeric_noise=0;q_categorical_signal=4;q_categorical_noise=0;categorical_accuracy=0.6;family=gaussian;ar1_rho=0.5;adjacent_overlap=0.4",""
124,"corrected_marginal_overlap",3,24,26194201,"core","n=300;k=3;p_numeric_signal=6;p_numeric_noise=0;q_categorical_signal=4;q_categorical_noise=0;categorical_accuracy=0.6;family=gaussian;ar1_rho=0.5;adjacent_overlap=0.4",""
125,"corrected_marginal_overlap",3,25,26194301,"core","n=300;k=3;p_numeric_signal=6;p_numeric_noise=0;q_categorical_signal=4;q_categorical_noise=0;categorical_accuracy=0.6;family=gaussian;ar1_rho=0.5;adjacent_overlap=0.4",""
126,"corrected_marginal_overlap",3,26,26194401,"core","n=300;k=3;p_numeric_signal=6;p_numeric_noise=0;q_categorical_signal=4;q_categorical_noise=0;categorical_accuracy=0.6;family=gaussian;ar1_rho=0.5;adjacent_overlap=0.4",""
127,"corrected_marginal_overlap",3,27,26194501,"core","n=300;k=3;p_numeric_signal=6;p_numeric_noise=0;q_categorical_signal=4;q_categorical_noise=0;categorical_accuracy=0.6;family=gaussian;ar1_rho=0.5;adjacent_overlap=0.4",""
128,"corrected_marginal_overlap",3,28,26194601,"core","n=300;k=3;p_numeric_signal=6;p_numeric_noise=0;q_categorical_signal=4;q_categorical_noise=0;categorical_accuracy=0.6;family=gaussian;ar1_rho=0.5;adjacent_overlap=0.4",""
129,"corrected_marginal_overlap",3,29,26194701,"core","n=300;k=3;p_numeric_signal=6;p_numeric_noise=0;q_categorical_signal=4;q_categorical_noise=0;categorical_accuracy=0.6;family=gaussian;ar1_rho=0.5;adjacent_overlap=0.4",""
130,"corrected_marginal_overlap",3,30,26194801,"core","n=300;k=3;p_numeric_signal=6;p_numeric_noise=0;q_categorical_signal=4;q_categorical_noise=0;categorical_accuracy=0.6;family=gaussian;ar1_rho=0.5;adjacent_overlap=0.4",""
131,"corrected_marginal_overlap",3,31,26194901,"core","n=300;k=3;p_numeric_signal=6;p_numeric_noise=0;q_categorical_signal=4;q_categorical_noise=0;categorical_accuracy=0.6;family=gaussian;ar1_rho=0.5;adjacent_overlap=0.4",""
132,"corrected_marginal_overlap",3,32,26195001,"core","n=300;k=3;p_numeric_signal=6;p_numeric_noise=0;q_categorical_signal=4;q_categorical_noise=0;categorical_accuracy=0.6;family=gaussian;ar1_rho=0.5;adjacent_overlap=0.4",""
133,"corrected_marginal_overlap",3,33,26195101,"core","n=300;k=3;p_numeric_signal=6;p_numeric_noise=0;q_categorical_signal=4;q_categorical_noise=0;categorical_accuracy=0.6;family=gaussian;ar1_rho=0.5;adjacent_overlap=0.4",""
134,"corrected_marginal_overlap",3,34,26195201,"core","n=300;k=3;p_numeric_signal=6;p_numeric_noise=0;q_categorical_signal=4;q_categorical_noise=0;categorical_accuracy=0.6;family=gaussian;ar1_rho=0.5;adjacent_overlap=0.4",""
135,"corrected_marginal_overlap",3,35,26195301,"core","n=300;k=3;p_numeric_signal=6;p_numeric_noise=0;q_categorical_signal=4;q_categorical_noise=0;categorical_accuracy=0.6;family=gaussian;ar1_rho=0.5;adjacent_overlap=0.4",""
136,"corrected_marginal_overlap",3,36,26195401,"core","n=300;k=3;p_numeric_signal=6;p_numeric_noise=0;q_categorical_signal=4;q_categorical_noise=0;categorical_accuracy=0.6;family=gaussian;ar1_rho=0.5;adjacent_overlap=0.4",""
137,"corrected_marginal_overlap",3,37,26195501,"core","n=300;k=3;p_numeric_signal=6;p_numeric_noise=0;q_categorical_signal=4;q_categorical_noise=0;categorical_accuracy=0.6;family=gaussian;ar1_rho=0.5;adjacent_overlap=0.4",""
138,"corrected_marginal_overlap",3,38,26195601,"core","n=300;k=3;p_numeric_signal=6;p_numeric_noise=0;q_categorical_signal=4;q_categorical_noise=0;categorical_accuracy=0.6;family=gaussian;ar1_rho=0.5;adjacent_overlap=0.4",""
139,"corrected_marginal_overlap",3,39,26195701,"core","n=300;k=3;p_numeric_signal=6;p_numeric_noise=0;q_categorical_signal=4;q_categorical_noise=0;categorical_accuracy=0.6;family=gaussian;ar1_rho=0.5;adjacent_overlap=0.4",""
140,"corrected_marginal_overlap",3,40,26195801,"core","n=300;k=3;p_numeric_signal=6;p_numeric_noise=0;q_categorical_signal=4;q_categorical_noise=0;categorical_accuracy=0.6;family=gaussian;ar1_rho=0.5;adjacent_overlap=0.4",""
141,"corrected_marginal_overlap",3,41,26195901,"core","n=300;k=3;p_numeric_signal=6;p_numeric_noise=0;q_categorical_signal=4;q_categorical_noise=0;categorical_accuracy=0.6;family=gaussian;ar1_rho=0.5;adjacent_overlap=0.4",""
142,"corrected_marginal_overlap",3,42,26196001,"core","n=300;k=3;p_numeric_signal=6;p_numeric_noise=0;q_categorical_signal=4;q_categorical_noise=0;categorical_accuracy=0.6;family=gaussian;ar1_rho=0.5;adjacent_overlap=0.4",""
143,"corrected_marginal_overlap",3,43,26196101,"core","n=300;k=3;p_numeric_signal=6;p_numeric_noise=0;q_categorical_signal=4;q_categorical_noise=0;categorical_accuracy=0.6;family=gaussian;ar1_rho=0.5;adjacent_overlap=0.4",""
144,"corrected_marginal_overlap",3,44,26196201,"core","n=300;k=3;p_numeric_signal=6;p_numeric_noise=0;q_categorical_signal=4;q_categorical_noise=0;categorical_accuracy=0.6;family=gaussian;ar1_rho=0.5;adjacent_overlap=0.4",""
145,"corrected_marginal_overlap",3,45,26196301,"core","n=300;k=3;p_numeric_signal=6;p_numeric_noise=0;q_categorical_signal=4;q_categorical_noise=0;categorical_accuracy=0.6;family=gaussian;ar1_rho=0.5;adjacent_overlap=0.4",""
146,"corrected_marginal_overlap",3,46,26196401,"core","n=300;k=3;p_numeric_signal=6;p_numeric_noise=0;q_categorical_signal=4;q_categorical_noise=0;categorical_accuracy=0.6;family=gaussian;ar1_rho=0.5;adjacent_overlap=0.4",""
147,"corrected_marginal_overlap",3,47,26196501,"core","n=300;k=3;p_numeric_signal=6;p_numeric_noise=0;q_categorical_signal=4;q_categorical_noise=0;categorical_accuracy=0.6;family=gaussian;ar1_rho=0.5;adjacent_overlap=0.4",""
148,"corrected_marginal_overlap",3,48,26196601,"core","n=300;k=3;p_numeric_signal=6;p_numeric_noise=0;q_categorical_signal=4;q_categorical_noise=0;categorical_accuracy=0.6;family=gaussian;ar1_rho=0.5;adjacent_overlap=0.4",""
149,"corrected_marginal_overlap",3,49,26196701,"core","n=300;k=3;p_numeric_signal=6;p_numeric_noise=0;q_categorical_signal=4;q_categorical_noise=0;categorical_accuracy=0.6;family=gaussian;ar1_rho=0.5;adjacent_overlap=0.4",""
150,"corrected_marginal_overlap",3,50,26196801,"core","n=300;k=3;p_numeric_signal=6;p_numeric_noise=0;q_categorical_signal=4;q_categorical_noise=0;categorical_accuracy=0.6;family=gaussian;ar1_rho=0.5;adjacent_overlap=0.4",""
151,"sample_size_robustness",1,1,26291901,"core","n=600;k=3;p_numeric_signal=6;p_numeric_noise=0;q_categorical_signal=4;q_categorical_noise=0;categorical_accuracy=0.6;family=gaussian;ar1_rho=0.5;adjacent_overlap=0.25",""
152,"sample_size_robustness",1,2,26292001,"core","n=600;k=3;p_numeric_signal=6;p_numeric_noise=0;q_categorical_signal=4;q_categorical_noise=0;categorical_accuracy=0.6;family=gaussian;ar1_rho=0.5;adjacent_overlap=0.25",""
153,"sample_size_robustness",1,3,26292101,"core","n=600;k=3;p_numeric_signal=6;p_numeric_noise=0;q_categorical_signal=4;q_categorical_noise=0;categorical_accuracy=0.6;family=gaussian;ar1_rho=0.5;adjacent_overlap=0.25",""
154,"sample_size_robustness",1,4,26292201,"core","n=600;k=3;p_numeric_signal=6;p_numeric_noise=0;q_categorical_signal=4;q_categorical_noise=0;categorical_accuracy=0.6;family=gaussian;ar1_rho=0.5;adjacent_overlap=0.25",""
155,"sample_size_robustness",1,5,26292301,"core","n=600;k=3;p_numeric_signal=6;p_numeric_noise=0;q_categorical_signal=4;q_categorical_noise=0;categorical_accuracy=0.6;family=gaussian;ar1_rho=0.5;adjacent_overlap=0.25",""
156,"sample_size_robustness",1,6,26292401,"core","n=600;k=3;p_numeric_signal=6;p_numeric_noise=0;q_categorical_signal=4;q_categorical_noise=0;categorical_accuracy=0.6;family=gaussian;ar1_rho=0.5;adjacent_overlap=0.25",""
157,"sample_size_robustness",1,7,26292501,"core","n=600;k=3;p_numeric_signal=6;p_numeric_noise=0;q_categorical_signal=4;q_categorical_noise=0;categorical_accuracy=0.6;family=gaussian;ar1_rho=0.5;adjacent_overlap=0.25",""
158,"sample_size_robustness",1,8,26292601,"core","n=600;k=3;p_numeric_signal=6;p_numeric_noise=0;q_categorical_signal=4;q_categorical_noise=0;categorical_accuracy=0.6;family=gaussian;ar1_rho=0.5;adjacent_overlap=0.25",""
159,"sample_size_robustness",1,9,26292701,"core","n=600;k=3;p_numeric_signal=6;p_numeric_noise=0;q_categorical_signal=4;q_categorical_noise=0;categorical_accuracy=0.6;family=gaussian;ar1_rho=0.5;adjacent_overlap=0.25",""
160,"sample_size_robustness",1,10,26292801,"core","n=600;k=3;p_numeric_signal=6;p_numeric_noise=0;q_categorical_signal=4;q_categorical_noise=0;categorical_accuracy=0.6;family=gaussian;ar1_rho=0.5;adjacent_overlap=0.25",""
161,"sample_size_robustness",1,11,26292901,"core","n=600;k=3;p_numeric_signal=6;p_numeric_noise=0;q_categorical_signal=4;q_categorical_noise=0;categorical_accuracy=0.6;family=gaussian;ar1_rho=0.5;adjacent_overlap=0.25",""
162,"sample_size_robustness",1,12,26293001,"core","n=600;k=3;p_numeric_signal=6;p_numeric_noise=0;q_categorical_signal=4;q_categorical_noise=0;categorical_accuracy=0.6;family=gaussian;ar1_rho=0.5;adjacent_overlap=0.25",""
163,"sample_size_robustness",1,13,26293101,"core","n=600;k=3;p_numeric_signal=6;p_numeric_noise=0;q_categorical_signal=4;q_categorical_noise=0;categorical_accuracy=0.6;family=gaussian;ar1_rho=0.5;adjacent_overlap=0.25",""
164,"sample_size_robustness",1,14,26293201,"core","n=600;k=3;p_numeric_signal=6;p_numeric_noise=0;q_categorical_signal=4;q_categorical_noise=0;categorical_accuracy=0.6;family=gaussian;ar1_rho=0.5;adjacent_overlap=0.25",""
165,"sample_size_robustness",1,15,26293301,"core","n=600;k=3;p_numeric_signal=6;p_numeric_noise=0;q_categorical_signal=4;q_categorical_noise=0;categorical_accuracy=0.6;family=gaussian;ar1_rho=0.5;adjacent_overlap=0.25",""
166,"sample_size_robustness",1,16,26293401,"core","n=600;k=3;p_numeric_signal=6;p_numeric_noise=0;q_categorical_signal=4;q_categorical_noise=0;categorical_accuracy=0.6;family=gaussian;ar1_rho=0.5;adjacent_overlap=0.25",""
167,"sample_size_robustness",1,17,26293501,"core","n=600;k=3;p_numeric_signal=6;p_numeric_noise=0;q_categorical_signal=4;q_categorical_noise=0;categorical_accuracy=0.6;family=gaussian;ar1_rho=0.5;adjacent_overlap=0.25",""
168,"sample_size_robustness",1,18,26293601,"core","n=600;k=3;p_numeric_signal=6;p_numeric_noise=0;q_categorical_signal=4;q_categorical_noise=0;categorical_accuracy=0.6;family=gaussian;ar1_rho=0.5;adjacent_overlap=0.25",""
169,"sample_size_robustness",1,19,26293701,"core","n=600;k=3;p_numeric_signal=6;p_numeric_noise=0;q_categorical_signal=4;q_categorical_noise=0;categorical_accuracy=0.6;family=gaussian;ar1_rho=0.5;adjacent_overlap=0.25",""
170,"sample_size_robustness",1,20,26293801,"core","n=600;k=3;p_numeric_signal=6;p_numeric_noise=0;q_categorical_signal=4;q_categorical_noise=0;categorical_accuracy=0.6;family=gaussian;ar1_rho=0.5;adjacent_overlap=0.25",""
171,"sample_size_robustness",1,21,26293901,"core","n=600;k=3;p_numeric_signal=6;p_numeric_noise=0;q_categorical_signal=4;q_categorical_noise=0;categorical_accuracy=0.6;family=gaussian;ar1_rho=0.5;adjacent_overlap=0.25",""
172,"sample_size_robustness",1,22,26294001,"core","n=600;k=3;p_numeric_signal=6;p_numeric_noise=0;q_categorical_signal=4;q_categorical_noise=0;categorical_accuracy=0.6;family=gaussian;ar1_rho=0.5;adjacent_overlap=0.25",""
173,"sample_size_robustness",1,23,26294101,"core","n=600;k=3;p_numeric_signal=6;p_numeric_noise=0;q_categorical_signal=4;q_categorical_noise=0;categorical_accuracy=0.6;family=gaussian;ar1_rho=0.5;adjacent_overlap=0.25",""
174,"sample_size_robustness",1,24,26294201,"core","n=600;k=3;p_numeric_signal=6;p_numeric_noise=0;q_categorical_signal=4;q_categorical_noise=0;categorical_accuracy=0.6;family=gaussian;ar1_rho=0.5;adjacent_overlap=0.25",""
175,"sample_size_robustness",1,25,26294301,"core","n=600;k=3;p_numeric_signal=6;p_numeric_noise=0;q_categorical_signal=4;q_categorical_noise=0;categorical_accuracy=0.6;family=gaussian;ar1_rho=0.5;adjacent_overlap=0.25",""
176,"sample_size_robustness",1,26,26294401,"core","n=600;k=3;p_numeric_signal=6;p_numeric_noise=0;q_categorical_signal=4;q_categorical_noise=0;categorical_accuracy=0.6;family=gaussian;ar1_rho=0.5;adjacent_overlap=0.25",""
177,"sample_size_robustness",1,27,26294501,"core","n=600;k=3;p_numeric_signal=6;p_numeric_noise=0;q_categorical_signal=4;q_categorical_noise=0;categorical_accuracy=0.6;family=gaussian;ar1_rho=0.5;adjacent_overlap=0.25",""
178,"sample_size_robustness",1,28,26294601,"core","n=600;k=3;p_numeric_signal=6;p_numeric_noise=0;q_categorical_signal=4;q_categorical_noise=0;categorical_accuracy=0.6;family=gaussian;ar1_rho=0.5;adjacent_overlap=0.25",""
179,"sample_size_robustness",1,29,26294701,"core","n=600;k=3;p_numeric_signal=6;p_numeric_noise=0;q_categorical_signal=4;q_categorical_noise=0;categorical_accuracy=0.6;family=gaussian;ar1_rho=0.5;adjacent_overlap=0.25",""
180,"sample_size_robustness",1,30,26294801,"core","n=600;k=3;p_numeric_signal=6;p_numeric_noise=0;q_categorical_signal=4;q_categorical_noise=0;categorical_accuracy=0.6;family=gaussian;ar1_rho=0.5;adjacent_overlap=0.25",""
181,"sample_size_robustness",1,31,26294901,"core","n=600;k=3;p_numeric_signal=6;p_numeric_noise=0;q_categorical_signal=4;q_categorical_noise=0;categorical_accuracy=0.6;family=gaussian;ar1_rho=0.5;adjacent_overlap=0.25",""
182,"sample_size_robustness",1,32,26295001,"core","n=600;k=3;p_numeric_signal=6;p_numeric_noise=0;q_categorical_signal=4;q_categorical_noise=0;categorical_accuracy=0.6;family=gaussian;ar1_rho=0.5;adjacent_overlap=0.25",""
183,"sample_size_robustness",1,33,26295101,"core","n=600;k=3;p_numeric_signal=6;p_numeric_noise=0;q_categorical_signal=4;q_categorical_noise=0;categorical_accuracy=0.6;family=gaussian;ar1_rho=0.5;adjacent_overlap=0.25",""
184,"sample_size_robustness",1,34,26295201,"core","n=600;k=3;p_numeric_signal=6;p_numeric_noise=0;q_categorical_signal=4;q_categorical_noise=0;categorical_accuracy=0.6;family=gaussian;ar1_rho=0.5;adjacent_overlap=0.25",""
185,"sample_size_robustness",1,35,26295301,"core","n=600;k=3;p_numeric_signal=6;p_numeric_noise=0;q_categorical_signal=4;q_categorical_noise=0;categorical_accuracy=0.6;family=gaussian;ar1_rho=0.5;adjacent_overlap=0.25",""
186,"sample_size_robustness",1,36,26295401,"core","n=600;k=3;p_numeric_signal=6;p_numeric_noise=0;q_categorical_signal=4;q_categorical_noise=0;categorical_accuracy=0.6;family=gaussian;ar1_rho=0.5;adjacent_overlap=0.25",""
187,"sample_size_robustness",1,37,26295501,"core","n=600;k=3;p_numeric_signal=6;p_numeric_noise=0;q_categorical_signal=4;q_categorical_noise=0;categorical_accuracy=0.6;family=gaussian;ar1_rho=0.5;adjacent_overlap=0.25",""
188,"sample_size_robustness",1,38,26295601,"core","n=600;k=3;p_numeric_signal=6;p_numeric_noise=0;q_categorical_signal=4;q_categorical_noise=0;categorical_accuracy=0.6;family=gaussian;ar1_rho=0.5;adjacent_overlap=0.25",""
189,"sample_size_robustness",1,39,26295701,"core","n=600;k=3;p_numeric_signal=6;p_numeric_noise=0;q_categorical_signal=4;q_categorical_noise=0;categorical_accuracy=0.6;family=gaussian;ar1_rho=0.5;adjacent_overlap=0.25",""
190,"sample_size_robustness",1,40,26295801,"core","n=600;k=3;p_numeric_signal=6;p_numeric_noise=0;q_categorical_signal=4;q_categorical_noise=0;categorical_accuracy=0.6;family=gaussian;ar1_rho=0.5;adjacent_overlap=0.25",""
191,"sample_size_robustness",1,41,26295901,"core","n=600;k=3;p_numeric_signal=6;p_numeric_noise=0;q_categorical_signal=4;q_categorical_noise=0;categorical_accuracy=0.6;family=gaussian;ar1_rho=0.5;adjacent_overlap=0.25",""
192,"sample_size_robustness",1,42,26296001,"core","n=600;k=3;p_numeric_signal=6;p_numeric_noise=0;q_categorical_signal=4;q_categorical_noise=0;categorical_accuracy=0.6;family=gaussian;ar1_rho=0.5;adjacent_overlap=0.25",""
193,"sample_size_robustness",1,43,26296101,"core","n=600;k=3;p_numeric_signal=6;p_numeric_noise=0;q_categorical_signal=4;q_categorical_noise=0;categorical_accuracy=0.6;family=gaussian;ar1_rho=0.5;adjacent_overlap=0.25",""
194,"sample_size_robustness",1,44,26296201,"core","n=600;k=3;p_numeric_signal=6;p_numeric_noise=0;q_categorical_signal=4;q_categorical_noise=0;categorical_accuracy=0.6;family=gaussian;ar1_rho=0.5;adjacent_overlap=0.25",""
195,"sample_size_robustness",1,45,26296301,"core","n=600;k=3;p_numeric_signal=6;p_numeric_noise=0;q_categorical_signal=4;q_categorical_noise=0;categorical_accuracy=0.6;family=gaussian;ar1_rho=0.5;adjacent_overlap=0.25",""
196,"sample_size_robustness",1,46,26296401,"core","n=600;k=3;p_numeric_signal=6;p_numeric_noise=0;q_categorical_signal=4;q_categorical_noise=0;categorical_accuracy=0.6;family=gaussian;ar1_rho=0.5;adjacent_overlap=0.25",""
197,"sample_size_robustness",1,47,26296501,"core","n=600;k=3;p_numeric_signal=6;p_numeric_noise=0;q_categorical_signal=4;q_categorical_noise=0;categorical_accuracy=0.6;family=gaussian;ar1_rho=0.5;adjacent_overlap=0.25",""
198,"sample_size_robustness",1,48,26296601,"core","n=600;k=3;p_numeric_signal=6;p_numeric_noise=0;q_categorical_signal=4;q_categorical_noise=0;categorical_accuracy=0.6;family=gaussian;ar1_rho=0.5;adjacent_overlap=0.25",""
199,"sample_size_robustness",1,49,26296701,"core","n=600;k=3;p_numeric_signal=6;p_numeric_noise=0;q_categorical_signal=4;q_categorical_noise=0;categorical_accuracy=0.6;family=gaussian;ar1_rho=0.5;adjacent_overlap=0.25",""
200,"sample_size_robustness",1,50,26296801,"core","n=600;k=3;p_numeric_signal=6;p_numeric_noise=0;q_categorical_signal=4;q_categorical_noise=0;categorical_accuracy=0.6;family=gaussian;ar1_rho=0.5;adjacent_overlap=0.25",""
201,"non_gaussian",1,1,26391901,"core","n=300;k=3;p_numeric_signal=6;p_numeric_noise=0;q_categorical_signal=4;q_categorical_noise=0;categorical_accuracy=0.6;adjacent_overlap=0.15;ar1_rho=0.5;family=student_t3",""
202,"non_gaussian",1,2,26392001,"core","n=300;k=3;p_numeric_signal=6;p_numeric_noise=0;q_categorical_signal=4;q_categorical_noise=0;categorical_accuracy=0.6;adjacent_overlap=0.15;ar1_rho=0.5;family=student_t3",""
203,"non_gaussian",1,3,26392101,"core","n=300;k=3;p_numeric_signal=6;p_numeric_noise=0;q_categorical_signal=4;q_categorical_noise=0;categorical_accuracy=0.6;adjacent_overlap=0.15;ar1_rho=0.5;family=student_t3",""
204,"non_gaussian",1,4,26392201,"core","n=300;k=3;p_numeric_signal=6;p_numeric_noise=0;q_categorical_signal=4;q_categorical_noise=0;categorical_accuracy=0.6;adjacent_overlap=0.15;ar1_rho=0.5;family=student_t3",""
205,"non_gaussian",1,5,26392301,"core","n=300;k=3;p_numeric_signal=6;p_numeric_noise=0;q_categorical_signal=4;q_categorical_noise=0;categorical_accuracy=0.6;adjacent_overlap=0.15;ar1_rho=0.5;family=student_t3",""
206,"non_gaussian",1,6,26392401,"core","n=300;k=3;p_numeric_signal=6;p_numeric_noise=0;q_categorical_signal=4;q_categorical_noise=0;categorical_accuracy=0.6;adjacent_overlap=0.15;ar1_rho=0.5;family=student_t3",""
207,"non_gaussian",1,7,26392501,"core","n=300;k=3;p_numeric_signal=6;p_numeric_noise=0;q_categorical_signal=4;q_categorical_noise=0;categorical_accuracy=0.6;adjacent_overlap=0.15;ar1_rho=0.5;family=student_t3",""
208,"non_gaussian",1,8,26392601,"core","n=300;k=3;p_numeric_signal=6;p_numeric_noise=0;q_categorical_signal=4;q_categorical_noise=0;categorical_accuracy=0.6;adjacent_overlap=0.15;ar1_rho=0.5;family=student_t3",""
209,"non_gaussian",1,9,26392701,"core","n=300;k=3;p_numeric_signal=6;p_numeric_noise=0;q_categorical_signal=4;q_categorical_noise=0;categorical_accuracy=0.6;adjacent_overlap=0.15;ar1_rho=0.5;family=student_t3",""
210,"non_gaussian",1,10,26392801,"core","n=300;k=3;p_numeric_signal=6;p_numeric_noise=0;q_categorical_signal=4;q_categorical_noise=0;categorical_accuracy=0.6;adjacent_overlap=0.15;ar1_rho=0.5;family=student_t3",""
211,"non_gaussian",1,11,26392901,"core","n=300;k=3;p_numeric_signal=6;p_numeric_noise=0;q_categorical_signal=4;q_categorical_noise=0;categorical_accuracy=0.6;adjacent_overlap=0.15;ar1_rho=0.5;family=student_t3",""
212,"non_gaussian",1,12,26393001,"core","n=300;k=3;p_numeric_signal=6;p_numeric_noise=0;q_categorical_signal=4;q_categorical_noise=0;categorical_accuracy=0.6;adjacent_overlap=0.15;ar1_rho=0.5;family=student_t3",""
213,"non_gaussian",1,13,26393101,"core","n=300;k=3;p_numeric_signal=6;p_numeric_noise=0;q_categorical_signal=4;q_categorical_noise=0;categorical_accuracy=0.6;adjacent_overlap=0.15;ar1_rho=0.5;family=student_t3",""
214,"non_gaussian",1,14,26393201,"core","n=300;k=3;p_numeric_signal=6;p_numeric_noise=0;q_categorical_signal=4;q_categorical_noise=0;categorical_accuracy=0.6;adjacent_overlap=0.15;ar1_rho=0.5;family=student_t3",""
215,"non_gaussian",1,15,26393301,"core","n=300;k=3;p_numeric_signal=6;p_numeric_noise=0;q_categorical_signal=4;q_categorical_noise=0;categorical_accuracy=0.6;adjacent_overlap=0.15;ar1_rho=0.5;family=student_t3",""
216,"non_gaussian",1,16,26393401,"core","n=300;k=3;p_numeric_signal=6;p_numeric_noise=0;q_categorical_signal=4;q_categorical_noise=0;categorical_accuracy=0.6;adjacent_overlap=0.15;ar1_rho=0.5;family=student_t3",""
217,"non_gaussian",1,17,26393501,"core","n=300;k=3;p_numeric_signal=6;p_numeric_noise=0;q_categorical_signal=4;q_categorical_noise=0;categorical_accuracy=0.6;adjacent_overlap=0.15;ar1_rho=0.5;family=student_t3",""
218,"non_gaussian",1,18,26393601,"core","n=300;k=3;p_numeric_signal=6;p_numeric_noise=0;q_categorical_signal=4;q_categorical_noise=0;categorical_accuracy=0.6;adjacent_overlap=0.15;ar1_rho=0.5;family=student_t3",""
219,"non_gaussian",1,19,26393701,"core","n=300;k=3;p_numeric_signal=6;p_numeric_noise=0;q_categorical_signal=4;q_categorical_noise=0;categorical_accuracy=0.6;adjacent_overlap=0.15;ar1_rho=0.5;family=student_t3",""
220,"non_gaussian",1,20,26393801,"core","n=300;k=3;p_numeric_signal=6;p_numeric_noise=0;q_categorical_signal=4;q_categorical_noise=0;categorical_accuracy=0.6;adjacent_overlap=0.15;ar1_rho=0.5;family=student_t3",""
221,"non_gaussian",1,21,26393901,"core","n=300;k=3;p_numeric_signal=6;p_numeric_noise=0;q_categorical_signal=4;q_categorical_noise=0;categorical_accuracy=0.6;adjacent_overlap=0.15;ar1_rho=0.5;family=student_t3",""
222,"non_gaussian",1,22,26394001,"core","n=300;k=3;p_numeric_signal=6;p_numeric_noise=0;q_categorical_signal=4;q_categorical_noise=0;categorical_accuracy=0.6;adjacent_overlap=0.15;ar1_rho=0.5;family=student_t3",""
223,"non_gaussian",1,23,26394101,"core","n=300;k=3;p_numeric_signal=6;p_numeric_noise=0;q_categorical_signal=4;q_categorical_noise=0;categorical_accuracy=0.6;adjacent_overlap=0.15;ar1_rho=0.5;family=student_t3",""
224,"non_gaussian",1,24,26394201,"core","n=300;k=3;p_numeric_signal=6;p_numeric_noise=0;q_categorical_signal=4;q_categorical_noise=0;categorical_accuracy=0.6;adjacent_overlap=0.15;ar1_rho=0.5;family=student_t3",""
225,"non_gaussian",1,25,26394301,"core","n=300;k=3;p_numeric_signal=6;p_numeric_noise=0;q_categorical_signal=4;q_categorical_noise=0;categorical_accuracy=0.6;adjacent_overlap=0.15;ar1_rho=0.5;family=student_t3",""
226,"non_gaussian",1,26,26394401,"core","n=300;k=3;p_numeric_signal=6;p_numeric_noise=0;q_categorical_signal=4;q_categorical_noise=0;categorical_accuracy=0.6;adjacent_overlap=0.15;ar1_rho=0.5;family=student_t3",""
227,"non_gaussian",1,27,26394501,"core","n=300;k=3;p_numeric_signal=6;p_numeric_noise=0;q_categorical_signal=4;q_categorical_noise=0;categorical_accuracy=0.6;adjacent_overlap=0.15;ar1_rho=0.5;family=student_t3",""
228,"non_gaussian",1,28,26394601,"core","n=300;k=3;p_numeric_signal=6;p_numeric_noise=0;q_categorical_signal=4;q_categorical_noise=0;categorical_accuracy=0.6;adjacent_overlap=0.15;ar1_rho=0.5;family=student_t3",""
229,"non_gaussian",1,29,26394701,"core","n=300;k=3;p_numeric_signal=6;p_numeric_noise=0;q_categorical_signal=4;q_categorical_noise=0;categorical_accuracy=0.6;adjacent_overlap=0.15;ar1_rho=0.5;family=student_t3",""
230,"non_gaussian",1,30,26394801,"core","n=300;k=3;p_numeric_signal=6;p_numeric_noise=0;q_categorical_signal=4;q_categorical_noise=0;categorical_accuracy=0.6;adjacent_overlap=0.15;ar1_rho=0.5;family=student_t3",""
231,"non_gaussian",1,31,26394901,"core","n=300;k=3;p_numeric_signal=6;p_numeric_noise=0;q_categorical_signal=4;q_categorical_noise=0;categorical_accuracy=0.6;adjacent_overlap=0.15;ar1_rho=0.5;family=student_t3",""
232,"non_gaussian",1,32,26395001,"core","n=300;k=3;p_numeric_signal=6;p_numeric_noise=0;q_categorical_signal=4;q_categorical_noise=0;categorical_accuracy=0.6;adjacent_overlap=0.15;ar1_rho=0.5;family=student_t3",""
233,"non_gaussian",1,33,26395101,"core","n=300;k=3;p_numeric_signal=6;p_numeric_noise=0;q_categorical_signal=4;q_categorical_noise=0;categorical_accuracy=0.6;adjacent_overlap=0.15;ar1_rho=0.5;family=student_t3",""
234,"non_gaussian",1,34,26395201,"core","n=300;k=3;p_numeric_signal=6;p_numeric_noise=0;q_categorical_signal=4;q_categorical_noise=0;categorical_accuracy=0.6;adjacent_overlap=0.15;ar1_rho=0.5;family=student_t3",""
235,"non_gaussian",1,35,26395301,"core","n=300;k=3;p_numeric_signal=6;p_numeric_noise=0;q_categorical_signal=4;q_categorical_noise=0;categorical_accuracy=0.6;adjacent_overlap=0.15;ar1_rho=0.5;family=student_t3",""
236,"non_gaussian",1,36,26395401,"core","n=300;k=3;p_numeric_signal=6;p_numeric_noise=0;q_categorical_signal=4;q_categorical_noise=0;categorical_accuracy=0.6;adjacent_overlap=0.15;ar1_rho=0.5;family=student_t3",""
237,"non_gaussian",1,37,26395501,"core","n=300;k=3;p_numeric_signal=6;p_numeric_noise=0;q_categorical_signal=4;q_categorical_noise=0;categorical_accuracy=0.6;adjacent_overlap=0.15;ar1_rho=0.5;family=student_t3",""
238,"non_gaussian",1,38,26395601,"core","n=300;k=3;p_numeric_signal=6;p_numeric_noise=0;q_categorical_signal=4;q_categorical_noise=0;categorical_accuracy=0.6;adjacent_overlap=0.15;ar1_rho=0.5;family=student_t3",""
239,"non_gaussian",1,39,26395701,"core","n=300;k=3;p_numeric_signal=6;p_numeric_noise=0;q_categorical_signal=4;q_categorical_noise=0;categorical_accuracy=0.6;adjacent_overlap=0.15;ar1_rho=0.5;family=student_t3",""
240,"non_gaussian",1,40,26395801,"core","n=300;k=3;p_numeric_signal=6;p_numeric_noise=0;q_categorical_signal=4;q_categorical_noise=0;categorical_accuracy=0.6;adjacent_overlap=0.15;ar1_rho=0.5;family=student_t3",""
241,"non_gaussian",1,41,26395901,"core","n=300;k=3;p_numeric_signal=6;p_numeric_noise=0;q_categorical_signal=4;q_categorical_noise=0;categorical_accuracy=0.6;adjacent_overlap=0.15;ar1_rho=0.5;family=student_t3",""
242,"non_gaussian",1,42,26396001,"core","n=300;k=3;p_numeric_signal=6;p_numeric_noise=0;q_categorical_signal=4;q_categorical_noise=0;categorical_accuracy=0.6;adjacent_overlap=0.15;ar1_rho=0.5;family=student_t3",""
243,"non_gaussian",1,43,26396101,"core","n=300;k=3;p_numeric_signal=6;p_numeric_noise=0;q_categorical_signal=4;q_categorical_noise=0;categorical_accuracy=0.6;adjacent_overlap=0.15;ar1_rho=0.5;family=student_t3",""
244,"non_gaussian",1,44,26396201,"core","n=300;k=3;p_numeric_signal=6;p_numeric_noise=0;q_categorical_signal=4;q_categorical_noise=0;categorical_accuracy=0.6;adjacent_overlap=0.15;ar1_rho=0.5;family=student_t3",""
245,"non_gaussian",1,45,26396301,"core","n=300;k=3;p_numeric_signal=6;p_numeric_noise=0;q_categorical_signal=4;q_categorical_noise=0;categorical_accuracy=0.6;adjacent_overlap=0.15;ar1_rho=0.5;family=student_t3",""
246,"non_gaussian",1,46,26396401,"core","n=300;k=3;p_numeric_signal=6;p_numeric_noise=0;q_categorical_signal=4;q_categorical_noise=0;categorical_accuracy=0.6;adjacent_overlap=0.15;ar1_rho=0.5;family=student_t3",""
247,"non_gaussian",1,47,26396501,"core","n=300;k=3;p_numeric_signal=6;p_numeric_noise=0;q_categorical_signal=4;q_categorical_noise=0;categorical_accuracy=0.6;adjacent_overlap=0.15;ar1_rho=0.5;family=student_t3",""
248,"non_gaussian",1,48,26396601,"core","n=300;k=3;p_numeric_signal=6;p_numeric_noise=0;q_categorical_signal=4;q_categorical_noise=0;categorical_accuracy=0.6;adjacent_overlap=0.15;ar1_rho=0.5;family=student_t3",""
249,"non_gaussian",1,49,26396701,"core","n=300;k=3;p_numeric_signal=6;p_numeric_noise=0;q_categorical_signal=4;q_categorical_noise=0;categorical_accuracy=0.6;adjacent_overlap=0.15;ar1_rho=0.5;family=student_t3",""
250,"non_gaussian",1,50,26396801,"core","n=300;k=3;p_numeric_signal=6;p_numeric_noise=0;q_categorical_signal=4;q_categorical_noise=0;categorical_accuracy=0.6;adjacent_overlap=0.15;ar1_rho=0.5;family=student_t3",""
251,"nonlinear_interaction",1,1,26491901,"core","n_per_moon=180;interaction_state=signal;categorical_contamination=0;q_categorical_noise=0;moon_noise_sd=0.08",""
252,"nonlinear_interaction",1,2,26492001,"core","n_per_moon=180;interaction_state=signal;categorical_contamination=0;q_categorical_noise=0;moon_noise_sd=0.08",""
253,"nonlinear_interaction",1,3,26492101,"core","n_per_moon=180;interaction_state=signal;categorical_contamination=0;q_categorical_noise=0;moon_noise_sd=0.08",""
254,"nonlinear_interaction",1,4,26492201,"core","n_per_moon=180;interaction_state=signal;categorical_contamination=0;q_categorical_noise=0;moon_noise_sd=0.08",""
255,"nonlinear_interaction",1,5,26492301,"core","n_per_moon=180;interaction_state=signal;categorical_contamination=0;q_categorical_noise=0;moon_noise_sd=0.08",""
256,"nonlinear_interaction",1,6,26492401,"core","n_per_moon=180;interaction_state=signal;categorical_contamination=0;q_categorical_noise=0;moon_noise_sd=0.08",""
257,"nonlinear_interaction",1,7,26492501,"core","n_per_moon=180;interaction_state=signal;categorical_contamination=0;q_categorical_noise=0;moon_noise_sd=0.08",""
258,"nonlinear_interaction",1,8,26492601,"core","n_per_moon=180;interaction_state=signal;categorical_contamination=0;q_categorical_noise=0;moon_noise_sd=0.08",""
259,"nonlinear_interaction",1,9,26492701,"core","n_per_moon=180;interaction_state=signal;categorical_contamination=0;q_categorical_noise=0;moon_noise_sd=0.08",""
260,"nonlinear_interaction",1,10,26492801,"core","n_per_moon=180;interaction_state=signal;categorical_contamination=0;q_categorical_noise=0;moon_noise_sd=0.08",""
261,"nonlinear_interaction",1,11,26492901,"core","n_per_moon=180;interaction_state=signal;categorical_contamination=0;q_categorical_noise=0;moon_noise_sd=0.08",""
262,"nonlinear_interaction",1,12,26493001,"core","n_per_moon=180;interaction_state=signal;categorical_contamination=0;q_categorical_noise=0;moon_noise_sd=0.08",""
263,"nonlinear_interaction",1,13,26493101,"core","n_per_moon=180;interaction_state=signal;categorical_contamination=0;q_categorical_noise=0;moon_noise_sd=0.08",""
264,"nonlinear_interaction",1,14,26493201,"core","n_per_moon=180;interaction_state=signal;categorical_contamination=0;q_categorical_noise=0;moon_noise_sd=0.08",""
265,"nonlinear_interaction",1,15,26493301,"core","n_per_moon=180;interaction_state=signal;categorical_contamination=0;q_categorical_noise=0;moon_noise_sd=0.08",""
266,"nonlinear_interaction",1,16,26493401,"core","n_per_moon=180;interaction_state=signal;categorical_contamination=0;q_categorical_noise=0;moon_noise_sd=0.08",""
267,"nonlinear_interaction",1,17,26493501,"core","n_per_moon=180;interaction_state=signal;categorical_contamination=0;q_categorical_noise=0;moon_noise_sd=0.08",""
268,"nonlinear_interaction",1,18,26493601,"core","n_per_moon=180;interaction_state=signal;categorical_contamination=0;q_categorical_noise=0;moon_noise_sd=0.08",""
269,"nonlinear_interaction",1,19,26493701,"core","n_per_moon=180;interaction_state=signal;categorical_contamination=0;q_categorical_noise=0;moon_noise_sd=0.08",""
270,"nonlinear_interaction",1,20,26493801,"core","n_per_moon=180;interaction_state=signal;categorical_contamination=0;q_categorical_noise=0;moon_noise_sd=0.08",""
271,"nonlinear_interaction",1,21,26493901,"core","n_per_moon=180;interaction_state=signal;categorical_contamination=0;q_categorical_noise=0;moon_noise_sd=0.08",""
272,"nonlinear_interaction",1,22,26494001,"core","n_per_moon=180;interaction_state=signal;categorical_contamination=0;q_categorical_noise=0;moon_noise_sd=0.08",""
273,"nonlinear_interaction",1,23,26494101,"core","n_per_moon=180;interaction_state=signal;categorical_contamination=0;q_categorical_noise=0;moon_noise_sd=0.08",""
274,"nonlinear_interaction",1,24,26494201,"core","n_per_moon=180;interaction_state=signal;categorical_contamination=0;q_categorical_noise=0;moon_noise_sd=0.08",""
275,"nonlinear_interaction",1,25,26494301,"core","n_per_moon=180;interaction_state=signal;categorical_contamination=0;q_categorical_noise=0;moon_noise_sd=0.08",""
276,"nonlinear_interaction",1,26,26494401,"core","n_per_moon=180;interaction_state=signal;categorical_contamination=0;q_categorical_noise=0;moon_noise_sd=0.08",""
277,"nonlinear_interaction",1,27,26494501,"core","n_per_moon=180;interaction_state=signal;categorical_contamination=0;q_categorical_noise=0;moon_noise_sd=0.08",""
278,"nonlinear_interaction",1,28,26494601,"core","n_per_moon=180;interaction_state=signal;categorical_contamination=0;q_categorical_noise=0;moon_noise_sd=0.08",""
279,"nonlinear_interaction",1,29,26494701,"core","n_per_moon=180;interaction_state=signal;categorical_contamination=0;q_categorical_noise=0;moon_noise_sd=0.08",""
280,"nonlinear_interaction",1,30,26494801,"core","n_per_moon=180;interaction_state=signal;categorical_contamination=0;q_categorical_noise=0;moon_noise_sd=0.08",""
281,"nonlinear_interaction",1,31,26494901,"core","n_per_moon=180;interaction_state=signal;categorical_contamination=0;q_categorical_noise=0;moon_noise_sd=0.08",""
282,"nonlinear_interaction",1,32,26495001,"core","n_per_moon=180;interaction_state=signal;categorical_contamination=0;q_categorical_noise=0;moon_noise_sd=0.08",""
283,"nonlinear_interaction",1,33,26495101,"core","n_per_moon=180;interaction_state=signal;categorical_contamination=0;q_categorical_noise=0;moon_noise_sd=0.08",""
284,"nonlinear_interaction",1,34,26495201,"core","n_per_moon=180;interaction_state=signal;categorical_contamination=0;q_categorical_noise=0;moon_noise_sd=0.08",""
285,"nonlinear_interaction",1,35,26495301,"core","n_per_moon=180;interaction_state=signal;categorical_contamination=0;q_categorical_noise=0;moon_noise_sd=0.08",""
286,"nonlinear_interaction",1,36,26495401,"core","n_per_moon=180;interaction_state=signal;categorical_contamination=0;q_categorical_noise=0;moon_noise_sd=0.08",""
287,"nonlinear_interaction",1,37,26495501,"core","n_per_moon=180;interaction_state=signal;categorical_contamination=0;q_categorical_noise=0;moon_noise_sd=0.08",""
288,"nonlinear_interaction",1,38,26495601,"core","n_per_moon=180;interaction_state=signal;categorical_contamination=0;q_categorical_noise=0;moon_noise_sd=0.08",""
289,"nonlinear_interaction",1,39,26495701,"core","n_per_moon=180;interaction_state=signal;categorical_contamination=0;q_categorical_noise=0;moon_noise_sd=0.08",""
290,"nonlinear_interaction",1,40,26495801,"core","n_per_moon=180;interaction_state=signal;categorical_contamination=0;q_categorical_noise=0;moon_noise_sd=0.08",""
291,"nonlinear_interaction",1,41,26495901,"core","n_per_moon=180;interaction_state=signal;categorical_contamination=0;q_categorical_noise=0;moon_noise_sd=0.08",""
292,"nonlinear_interaction",1,42,26496001,"core","n_per_moon=180;interaction_state=signal;categorical_contamination=0;q_categorical_noise=0;moon_noise_sd=0.08",""
293,"nonlinear_interaction",1,43,26496101,"core","n_per_moon=180;interaction_state=signal;categorical_contamination=0;q_categorical_noise=0;moon_noise_sd=0.08",""
294,"nonlinear_interaction",1,44,26496201,"core","n_per_moon=180;interaction_state=signal;categorical_contamination=0;q_categorical_noise=0;moon_noise_sd=0.08",""
295,"nonlinear_interaction",1,45,26496301,"core","n_per_moon=180;interaction_state=signal;categorical_contamination=0;q_categorical_noise=0;moon_noise_sd=0.08",""
296,"nonlinear_interaction",1,46,26496401,"core","n_per_moon=180;interaction_state=signal;categorical_contamination=0;q_categorical_noise=0;moon_noise_sd=0.08",""
297,"nonlinear_interaction",1,47,26496501,"core","n_per_moon=180;interaction_state=signal;categorical_contamination=0;q_categorical_noise=0;moon_noise_sd=0.08",""
298,"nonlinear_interaction",1,48,26496601,"core","n_per_moon=180;interaction_state=signal;categorical_contamination=0;q_categorical_noise=0;moon_noise_sd=0.08",""
299,"nonlinear_interaction",1,49,26496701,"core","n_per_moon=180;interaction_state=signal;categorical_contamination=0;q_categorical_noise=0;moon_noise_sd=0.08",""
300,"nonlinear_interaction",1,50,26496801,"core","n_per_moon=180;interaction_state=signal;categorical_contamination=0;q_categorical_noise=0;moon_noise_sd=0.08",""
301,"null_interaction",1,1,26591901,"core","n_per_moon=180;interaction_state=null;categorical_contamination=0;q_categorical_noise=0;moon_noise_sd=0.08",""
302,"null_interaction",1,2,26592001,"core","n_per_moon=180;interaction_state=null;categorical_contamination=0;q_categorical_noise=0;moon_noise_sd=0.08",""
303,"null_interaction",1,3,26592101,"core","n_per_moon=180;interaction_state=null;categorical_contamination=0;q_categorical_noise=0;moon_noise_sd=0.08",""
304,"null_interaction",1,4,26592201,"core","n_per_moon=180;interaction_state=null;categorical_contamination=0;q_categorical_noise=0;moon_noise_sd=0.08",""
305,"null_interaction",1,5,26592301,"core","n_per_moon=180;interaction_state=null;categorical_contamination=0;q_categorical_noise=0;moon_noise_sd=0.08",""
306,"null_interaction",1,6,26592401,"core","n_per_moon=180;interaction_state=null;categorical_contamination=0;q_categorical_noise=0;moon_noise_sd=0.08",""
307,"null_interaction",1,7,26592501,"core","n_per_moon=180;interaction_state=null;categorical_contamination=0;q_categorical_noise=0;moon_noise_sd=0.08",""
308,"null_interaction",1,8,26592601,"core","n_per_moon=180;interaction_state=null;categorical_contamination=0;q_categorical_noise=0;moon_noise_sd=0.08",""
309,"null_interaction",1,9,26592701,"core","n_per_moon=180;interaction_state=null;categorical_contamination=0;q_categorical_noise=0;moon_noise_sd=0.08",""
310,"null_interaction",1,10,26592801,"core","n_per_moon=180;interaction_state=null;categorical_contamination=0;q_categorical_noise=0;moon_noise_sd=0.08",""
311,"null_interaction",1,11,26592901,"core","n_per_moon=180;interaction_state=null;categorical_contamination=0;q_categorical_noise=0;moon_noise_sd=0.08",""
312,"null_interaction",1,12,26593001,"core","n_per_moon=180;interaction_state=null;categorical_contamination=0;q_categorical_noise=0;moon_noise_sd=0.08",""
313,"null_interaction",1,13,26593101,"core","n_per_moon=180;interaction_state=null;categorical_contamination=0;q_categorical_noise=0;moon_noise_sd=0.08",""
314,"null_interaction",1,14,26593201,"core","n_per_moon=180;interaction_state=null;categorical_contamination=0;q_categorical_noise=0;moon_noise_sd=0.08",""
315,"null_interaction",1,15,26593301,"core","n_per_moon=180;interaction_state=null;categorical_contamination=0;q_categorical_noise=0;moon_noise_sd=0.08",""
316,"null_interaction",1,16,26593401,"core","n_per_moon=180;interaction_state=null;categorical_contamination=0;q_categorical_noise=0;moon_noise_sd=0.08",""
317,"null_interaction",1,17,26593501,"core","n_per_moon=180;interaction_state=null;categorical_contamination=0;q_categorical_noise=0;moon_noise_sd=0.08",""
318,"null_interaction",1,18,26593601,"core","n_per_moon=180;interaction_state=null;categorical_contamination=0;q_categorical_noise=0;moon_noise_sd=0.08",""
319,"null_interaction",1,19,26593701,"core","n_per_moon=180;interaction_state=null;categorical_contamination=0;q_categorical_noise=0;moon_noise_sd=0.08",""
320,"null_interaction",1,20,26593801,"core","n_per_moon=180;interaction_state=null;categorical_contamination=0;q_categorical_noise=0;moon_noise_sd=0.08",""
321,"null_interaction",1,21,26593901,"core","n_per_moon=180;interaction_state=null;categorical_contamination=0;q_categorical_noise=0;moon_noise_sd=0.08",""
322,"null_interaction",1,22,26594001,"core","n_per_moon=180;interaction_state=null;categorical_contamination=0;q_categorical_noise=0;moon_noise_sd=0.08",""
323,"null_interaction",1,23,26594101,"core","n_per_moon=180;interaction_state=null;categorical_contamination=0;q_categorical_noise=0;moon_noise_sd=0.08",""
324,"null_interaction",1,24,26594201,"core","n_per_moon=180;interaction_state=null;categorical_contamination=0;q_categorical_noise=0;moon_noise_sd=0.08",""
325,"null_interaction",1,25,26594301,"core","n_per_moon=180;interaction_state=null;categorical_contamination=0;q_categorical_noise=0;moon_noise_sd=0.08",""
326,"null_interaction",1,26,26594401,"core","n_per_moon=180;interaction_state=null;categorical_contamination=0;q_categorical_noise=0;moon_noise_sd=0.08",""
327,"null_interaction",1,27,26594501,"core","n_per_moon=180;interaction_state=null;categorical_contamination=0;q_categorical_noise=0;moon_noise_sd=0.08",""
328,"null_interaction",1,28,26594601,"core","n_per_moon=180;interaction_state=null;categorical_contamination=0;q_categorical_noise=0;moon_noise_sd=0.08",""
329,"null_interaction",1,29,26594701,"core","n_per_moon=180;interaction_state=null;categorical_contamination=0;q_categorical_noise=0;moon_noise_sd=0.08",""
330,"null_interaction",1,30,26594801,"core","n_per_moon=180;interaction_state=null;categorical_contamination=0;q_categorical_noise=0;moon_noise_sd=0.08",""
331,"null_interaction",1,31,26594901,"core","n_per_moon=180;interaction_state=null;categorical_contamination=0;q_categorical_noise=0;moon_noise_sd=0.08",""
332,"null_interaction",1,32,26595001,"core","n_per_moon=180;interaction_state=null;categorical_contamination=0;q_categorical_noise=0;moon_noise_sd=0.08",""
333,"null_interaction",1,33,26595101,"core","n_per_moon=180;interaction_state=null;categorical_contamination=0;q_categorical_noise=0;moon_noise_sd=0.08",""
334,"null_interaction",1,34,26595201,"core","n_per_moon=180;interaction_state=null;categorical_contamination=0;q_categorical_noise=0;moon_noise_sd=0.08",""
335,"null_interaction",1,35,26595301,"core","n_per_moon=180;interaction_state=null;categorical_contamination=0;q_categorical_noise=0;moon_noise_sd=0.08",""
336,"null_interaction",1,36,26595401,"core","n_per_moon=180;interaction_state=null;categorical_contamination=0;q_categorical_noise=0;moon_noise_sd=0.08",""
337,"null_interaction",1,37,26595501,"core","n_per_moon=180;interaction_state=null;categorical_contamination=0;q_categorical_noise=0;moon_noise_sd=0.08",""
338,"null_interaction",1,38,26595601,"core","n_per_moon=180;interaction_state=null;categorical_contamination=0;q_categorical_noise=0;moon_noise_sd=0.08",""
339,"null_interaction",1,39,26595701,"core","n_per_moon=180;interaction_state=null;categorical_contamination=0;q_categorical_noise=0;moon_noise_sd=0.08",""
340,"null_interaction",1,40,26595801,"core","n_per_moon=180;interaction_state=null;categorical_contamination=0;q_categorical_noise=0;moon_noise_sd=0.08",""
341,"null_interaction",1,41,26595901,"core","n_per_moon=180;interaction_state=null;categorical_contamination=0;q_categorical_noise=0;moon_noise_sd=0.08",""
342,"null_interaction",1,42,26596001,"core","n_per_moon=180;interaction_state=null;categorical_contamination=0;q_categorical_noise=0;moon_noise_sd=0.08",""
343,"null_interaction",1,43,26596101,"core","n_per_moon=180;interaction_state=null;categorical_contamination=0;q_categorical_noise=0;moon_noise_sd=0.08",""
344,"null_interaction",1,44,26596201,"core","n_per_moon=180;interaction_state=null;categorical_contamination=0;q_categorical_noise=0;moon_noise_sd=0.08",""
345,"null_interaction",1,45,26596301,"core","n_per_moon=180;interaction_state=null;categorical_contamination=0;q_categorical_noise=0;moon_noise_sd=0.08",""
346,"null_interaction",1,46,26596401,"core","n_per_moon=180;interaction_state=null;categorical_contamination=0;q_categorical_noise=0;moon_noise_sd=0.08",""
347,"null_interaction",1,47,26596501,"core","n_per_moon=180;interaction_state=null;categorical_contamination=0;q_categorical_noise=0;moon_noise_sd=0.08",""
348,"null_interaction",1,48,26596601,"core","n_per_moon=180;interaction_state=null;categorical_contamination=0;q_categorical_noise=0;moon_noise_sd=0.08",""
349,"null_interaction",1,49,26596701,"core","n_per_moon=180;interaction_state=null;categorical_contamination=0;q_categorical_noise=0;moon_noise_sd=0.08",""
350,"null_interaction",1,50,26596801,"core","n_per_moon=180;interaction_state=null;categorical_contamination=0;q_categorical_noise=0;moon_noise_sd=0.08",""
351,"irrelevant_numeric",1,1,26691901,"core","n=300;k=3;p_numeric_signal=6;q_categorical_signal=4;q_categorical_noise=0;categorical_accuracy=0.6;adjacent_overlap=0.15;family=gaussian;ar1_rho=0.5;p_numeric_noise=0",""
352,"irrelevant_numeric",1,2,26692001,"core","n=300;k=3;p_numeric_signal=6;q_categorical_signal=4;q_categorical_noise=0;categorical_accuracy=0.6;adjacent_overlap=0.15;family=gaussian;ar1_rho=0.5;p_numeric_noise=0",""
353,"irrelevant_numeric",1,3,26692101,"core","n=300;k=3;p_numeric_signal=6;q_categorical_signal=4;q_categorical_noise=0;categorical_accuracy=0.6;adjacent_overlap=0.15;family=gaussian;ar1_rho=0.5;p_numeric_noise=0",""
354,"irrelevant_numeric",1,4,26692201,"core","n=300;k=3;p_numeric_signal=6;q_categorical_signal=4;q_categorical_noise=0;categorical_accuracy=0.6;adjacent_overlap=0.15;family=gaussian;ar1_rho=0.5;p_numeric_noise=0",""
355,"irrelevant_numeric",1,5,26692301,"core","n=300;k=3;p_numeric_signal=6;q_categorical_signal=4;q_categorical_noise=0;categorical_accuracy=0.6;adjacent_overlap=0.15;family=gaussian;ar1_rho=0.5;p_numeric_noise=0",""
356,"irrelevant_numeric",1,6,26692401,"core","n=300;k=3;p_numeric_signal=6;q_categorical_signal=4;q_categorical_noise=0;categorical_accuracy=0.6;adjacent_overlap=0.15;family=gaussian;ar1_rho=0.5;p_numeric_noise=0",""
357,"irrelevant_numeric",1,7,26692501,"core","n=300;k=3;p_numeric_signal=6;q_categorical_signal=4;q_categorical_noise=0;categorical_accuracy=0.6;adjacent_overlap=0.15;family=gaussian;ar1_rho=0.5;p_numeric_noise=0",""
358,"irrelevant_numeric",1,8,26692601,"core","n=300;k=3;p_numeric_signal=6;q_categorical_signal=4;q_categorical_noise=0;categorical_accuracy=0.6;adjacent_overlap=0.15;family=gaussian;ar1_rho=0.5;p_numeric_noise=0",""
359,"irrelevant_numeric",1,9,26692701,"core","n=300;k=3;p_numeric_signal=6;q_categorical_signal=4;q_categorical_noise=0;categorical_accuracy=0.6;adjacent_overlap=0.15;family=gaussian;ar1_rho=0.5;p_numeric_noise=0",""
360,"irrelevant_numeric",1,10,26692801,"core","n=300;k=3;p_numeric_signal=6;q_categorical_signal=4;q_categorical_noise=0;categorical_accuracy=0.6;adjacent_overlap=0.15;family=gaussian;ar1_rho=0.5;p_numeric_noise=0",""
361,"irrelevant_numeric",1,11,26692901,"core","n=300;k=3;p_numeric_signal=6;q_categorical_signal=4;q_categorical_noise=0;categorical_accuracy=0.6;adjacent_overlap=0.15;family=gaussian;ar1_rho=0.5;p_numeric_noise=0",""
362,"irrelevant_numeric",1,12,26693001,"core","n=300;k=3;p_numeric_signal=6;q_categorical_signal=4;q_categorical_noise=0;categorical_accuracy=0.6;adjacent_overlap=0.15;family=gaussian;ar1_rho=0.5;p_numeric_noise=0",""
363,"irrelevant_numeric",1,13,26693101,"core","n=300;k=3;p_numeric_signal=6;q_categorical_signal=4;q_categorical_noise=0;categorical_accuracy=0.6;adjacent_overlap=0.15;family=gaussian;ar1_rho=0.5;p_numeric_noise=0",""
364,"irrelevant_numeric",1,14,26693201,"core","n=300;k=3;p_numeric_signal=6;q_categorical_signal=4;q_categorical_noise=0;categorical_accuracy=0.6;adjacent_overlap=0.15;family=gaussian;ar1_rho=0.5;p_numeric_noise=0",""
365,"irrelevant_numeric",1,15,26693301,"core","n=300;k=3;p_numeric_signal=6;q_categorical_signal=4;q_categorical_noise=0;categorical_accuracy=0.6;adjacent_overlap=0.15;family=gaussian;ar1_rho=0.5;p_numeric_noise=0",""
366,"irrelevant_numeric",1,16,26693401,"core","n=300;k=3;p_numeric_signal=6;q_categorical_signal=4;q_categorical_noise=0;categorical_accuracy=0.6;adjacent_overlap=0.15;family=gaussian;ar1_rho=0.5;p_numeric_noise=0",""
367,"irrelevant_numeric",1,17,26693501,"core","n=300;k=3;p_numeric_signal=6;q_categorical_signal=4;q_categorical_noise=0;categorical_accuracy=0.6;adjacent_overlap=0.15;family=gaussian;ar1_rho=0.5;p_numeric_noise=0",""
368,"irrelevant_numeric",1,18,26693601,"core","n=300;k=3;p_numeric_signal=6;q_categorical_signal=4;q_categorical_noise=0;categorical_accuracy=0.6;adjacent_overlap=0.15;family=gaussian;ar1_rho=0.5;p_numeric_noise=0",""
369,"irrelevant_numeric",1,19,26693701,"core","n=300;k=3;p_numeric_signal=6;q_categorical_signal=4;q_categorical_noise=0;categorical_accuracy=0.6;adjacent_overlap=0.15;family=gaussian;ar1_rho=0.5;p_numeric_noise=0",""
370,"irrelevant_numeric",1,20,26693801,"core","n=300;k=3;p_numeric_signal=6;q_categorical_signal=4;q_categorical_noise=0;categorical_accuracy=0.6;adjacent_overlap=0.15;family=gaussian;ar1_rho=0.5;p_numeric_noise=0",""
371,"irrelevant_numeric",1,21,26693901,"core","n=300;k=3;p_numeric_signal=6;q_categorical_signal=4;q_categorical_noise=0;categorical_accuracy=0.6;adjacent_overlap=0.15;family=gaussian;ar1_rho=0.5;p_numeric_noise=0",""
372,"irrelevant_numeric",1,22,26694001,"core","n=300;k=3;p_numeric_signal=6;q_categorical_signal=4;q_categorical_noise=0;categorical_accuracy=0.6;adjacent_overlap=0.15;family=gaussian;ar1_rho=0.5;p_numeric_noise=0",""
373,"irrelevant_numeric",1,23,26694101,"core","n=300;k=3;p_numeric_signal=6;q_categorical_signal=4;q_categorical_noise=0;categorical_accuracy=0.6;adjacent_overlap=0.15;family=gaussian;ar1_rho=0.5;p_numeric_noise=0",""
374,"irrelevant_numeric",1,24,26694201,"core","n=300;k=3;p_numeric_signal=6;q_categorical_signal=4;q_categorical_noise=0;categorical_accuracy=0.6;adjacent_overlap=0.15;family=gaussian;ar1_rho=0.5;p_numeric_noise=0",""
375,"irrelevant_numeric",1,25,26694301,"core","n=300;k=3;p_numeric_signal=6;q_categorical_signal=4;q_categorical_noise=0;categorical_accuracy=0.6;adjacent_overlap=0.15;family=gaussian;ar1_rho=0.5;p_numeric_noise=0",""
376,"irrelevant_numeric",1,26,26694401,"core","n=300;k=3;p_numeric_signal=6;q_categorical_signal=4;q_categorical_noise=0;categorical_accuracy=0.6;adjacent_overlap=0.15;family=gaussian;ar1_rho=0.5;p_numeric_noise=0",""
377,"irrelevant_numeric",1,27,26694501,"core","n=300;k=3;p_numeric_signal=6;q_categorical_signal=4;q_categorical_noise=0;categorical_accuracy=0.6;adjacent_overlap=0.15;family=gaussian;ar1_rho=0.5;p_numeric_noise=0",""
378,"irrelevant_numeric",1,28,26694601,"core","n=300;k=3;p_numeric_signal=6;q_categorical_signal=4;q_categorical_noise=0;categorical_accuracy=0.6;adjacent_overlap=0.15;family=gaussian;ar1_rho=0.5;p_numeric_noise=0",""
379,"irrelevant_numeric",1,29,26694701,"core","n=300;k=3;p_numeric_signal=6;q_categorical_signal=4;q_categorical_noise=0;categorical_accuracy=0.6;adjacent_overlap=0.15;family=gaussian;ar1_rho=0.5;p_numeric_noise=0",""
380,"irrelevant_numeric",1,30,26694801,"core","n=300;k=3;p_numeric_signal=6;q_categorical_signal=4;q_categorical_noise=0;categorical_accuracy=0.6;adjacent_overlap=0.15;family=gaussian;ar1_rho=0.5;p_numeric_noise=0",""
381,"irrelevant_numeric",1,31,26694901,"core","n=300;k=3;p_numeric_signal=6;q_categorical_signal=4;q_categorical_noise=0;categorical_accuracy=0.6;adjacent_overlap=0.15;family=gaussian;ar1_rho=0.5;p_numeric_noise=0",""
382,"irrelevant_numeric",1,32,26695001,"core","n=300;k=3;p_numeric_signal=6;q_categorical_signal=4;q_categorical_noise=0;categorical_accuracy=0.6;adjacent_overlap=0.15;family=gaussian;ar1_rho=0.5;p_numeric_noise=0",""
383,"irrelevant_numeric",1,33,26695101,"core","n=300;k=3;p_numeric_signal=6;q_categorical_signal=4;q_categorical_noise=0;categorical_accuracy=0.6;adjacent_overlap=0.15;family=gaussian;ar1_rho=0.5;p_numeric_noise=0",""
384,"irrelevant_numeric",1,34,26695201,"core","n=300;k=3;p_numeric_signal=6;q_categorical_signal=4;q_categorical_noise=0;categorical_accuracy=0.6;adjacent_overlap=0.15;family=gaussian;ar1_rho=0.5;p_numeric_noise=0",""
385,"irrelevant_numeric",1,35,26695301,"core","n=300;k=3;p_numeric_signal=6;q_categorical_signal=4;q_categorical_noise=0;categorical_accuracy=0.6;adjacent_overlap=0.15;family=gaussian;ar1_rho=0.5;p_numeric_noise=0",""
386,"irrelevant_numeric",1,36,26695401,"core","n=300;k=3;p_numeric_signal=6;q_categorical_signal=4;q_categorical_noise=0;categorical_accuracy=0.6;adjacent_overlap=0.15;family=gaussian;ar1_rho=0.5;p_numeric_noise=0",""
387,"irrelevant_numeric",1,37,26695501,"core","n=300;k=3;p_numeric_signal=6;q_categorical_signal=4;q_categorical_noise=0;categorical_accuracy=0.6;adjacent_overlap=0.15;family=gaussian;ar1_rho=0.5;p_numeric_noise=0",""
388,"irrelevant_numeric",1,38,26695601,"core","n=300;k=3;p_numeric_signal=6;q_categorical_signal=4;q_categorical_noise=0;categorical_accuracy=0.6;adjacent_overlap=0.15;family=gaussian;ar1_rho=0.5;p_numeric_noise=0",""
389,"irrelevant_numeric",1,39,26695701,"core","n=300;k=3;p_numeric_signal=6;q_categorical_signal=4;q_categorical_noise=0;categorical_accuracy=0.6;adjacent_overlap=0.15;family=gaussian;ar1_rho=0.5;p_numeric_noise=0",""
390,"irrelevant_numeric",1,40,26695801,"core","n=300;k=3;p_numeric_signal=6;q_categorical_signal=4;q_categorical_noise=0;categorical_accuracy=0.6;adjacent_overlap=0.15;family=gaussian;ar1_rho=0.5;p_numeric_noise=0",""
391,"irrelevant_numeric",1,41,26695901,"core","n=300;k=3;p_numeric_signal=6;q_categorical_signal=4;q_categorical_noise=0;categorical_accuracy=0.6;adjacent_overlap=0.15;family=gaussian;ar1_rho=0.5;p_numeric_noise=0",""
392,"irrelevant_numeric",1,42,26696001,"core","n=300;k=3;p_numeric_signal=6;q_categorical_signal=4;q_categorical_noise=0;categorical_accuracy=0.6;adjacent_overlap=0.15;family=gaussian;ar1_rho=0.5;p_numeric_noise=0",""
393,"irrelevant_numeric",1,43,26696101,"core","n=300;k=3;p_numeric_signal=6;q_categorical_signal=4;q_categorical_noise=0;categorical_accuracy=0.6;adjacent_overlap=0.15;family=gaussian;ar1_rho=0.5;p_numeric_noise=0",""
394,"irrelevant_numeric",1,44,26696201,"core","n=300;k=3;p_numeric_signal=6;q_categorical_signal=4;q_categorical_noise=0;categorical_accuracy=0.6;adjacent_overlap=0.15;family=gaussian;ar1_rho=0.5;p_numeric_noise=0",""
395,"irrelevant_numeric",1,45,26696301,"core","n=300;k=3;p_numeric_signal=6;q_categorical_signal=4;q_categorical_noise=0;categorical_accuracy=0.6;adjacent_overlap=0.15;family=gaussian;ar1_rho=0.5;p_numeric_noise=0",""
396,"irrelevant_numeric",1,46,26696401,"core","n=300;k=3;p_numeric_signal=6;q_categorical_signal=4;q_categorical_noise=0;categorical_accuracy=0.6;adjacent_overlap=0.15;family=gaussian;ar1_rho=0.5;p_numeric_noise=0",""
397,"irrelevant_numeric",1,47,26696501,"core","n=300;k=3;p_numeric_signal=6;q_categorical_signal=4;q_categorical_noise=0;categorical_accuracy=0.6;adjacent_overlap=0.15;family=gaussian;ar1_rho=0.5;p_numeric_noise=0",""
398,"irrelevant_numeric",1,48,26696601,"core","n=300;k=3;p_numeric_signal=6;q_categorical_signal=4;q_categorical_noise=0;categorical_accuracy=0.6;adjacent_overlap=0.15;family=gaussian;ar1_rho=0.5;p_numeric_noise=0",""
399,"irrelevant_numeric",1,49,26696701,"core","n=300;k=3;p_numeric_signal=6;q_categorical_signal=4;q_categorical_noise=0;categorical_accuracy=0.6;adjacent_overlap=0.15;family=gaussian;ar1_rho=0.5;p_numeric_noise=0",""
400,"irrelevant_numeric",1,50,26696801,"core","n=300;k=3;p_numeric_signal=6;q_categorical_signal=4;q_categorical_noise=0;categorical_accuracy=0.6;adjacent_overlap=0.15;family=gaussian;ar1_rho=0.5;p_numeric_noise=0",""
401,"irrelevant_numeric",2,1,26691901,"core","n=300;k=3;p_numeric_signal=6;q_categorical_signal=4;q_categorical_noise=0;categorical_accuracy=0.6;adjacent_overlap=0.15;family=gaussian;ar1_rho=0.5;p_numeric_noise=5",""
402,"irrelevant_numeric",2,2,26692001,"core","n=300;k=3;p_numeric_signal=6;q_categorical_signal=4;q_categorical_noise=0;categorical_accuracy=0.6;adjacent_overlap=0.15;family=gaussian;ar1_rho=0.5;p_numeric_noise=5",""
403,"irrelevant_numeric",2,3,26692101,"core","n=300;k=3;p_numeric_signal=6;q_categorical_signal=4;q_categorical_noise=0;categorical_accuracy=0.6;adjacent_overlap=0.15;family=gaussian;ar1_rho=0.5;p_numeric_noise=5",""
404,"irrelevant_numeric",2,4,26692201,"core","n=300;k=3;p_numeric_signal=6;q_categorical_signal=4;q_categorical_noise=0;categorical_accuracy=0.6;adjacent_overlap=0.15;family=gaussian;ar1_rho=0.5;p_numeric_noise=5",""
405,"irrelevant_numeric",2,5,26692301,"core","n=300;k=3;p_numeric_signal=6;q_categorical_signal=4;q_categorical_noise=0;categorical_accuracy=0.6;adjacent_overlap=0.15;family=gaussian;ar1_rho=0.5;p_numeric_noise=5",""
406,"irrelevant_numeric",2,6,26692401,"core","n=300;k=3;p_numeric_signal=6;q_categorical_signal=4;q_categorical_noise=0;categorical_accuracy=0.6;adjacent_overlap=0.15;family=gaussian;ar1_rho=0.5;p_numeric_noise=5",""
407,"irrelevant_numeric",2,7,26692501,"core","n=300;k=3;p_numeric_signal=6;q_categorical_signal=4;q_categorical_noise=0;categorical_accuracy=0.6;adjacent_overlap=0.15;family=gaussian;ar1_rho=0.5;p_numeric_noise=5",""
408,"irrelevant_numeric",2,8,26692601,"core","n=300;k=3;p_numeric_signal=6;q_categorical_signal=4;q_categorical_noise=0;categorical_accuracy=0.6;adjacent_overlap=0.15;family=gaussian;ar1_rho=0.5;p_numeric_noise=5",""
409,"irrelevant_numeric",2,9,26692701,"core","n=300;k=3;p_numeric_signal=6;q_categorical_signal=4;q_categorical_noise=0;categorical_accuracy=0.6;adjacent_overlap=0.15;family=gaussian;ar1_rho=0.5;p_numeric_noise=5",""
410,"irrelevant_numeric",2,10,26692801,"core","n=300;k=3;p_numeric_signal=6;q_categorical_signal=4;q_categorical_noise=0;categorical_accuracy=0.6;adjacent_overlap=0.15;family=gaussian;ar1_rho=0.5;p_numeric_noise=5",""
411,"irrelevant_numeric",2,11,26692901,"core","n=300;k=3;p_numeric_signal=6;q_categorical_signal=4;q_categorical_noise=0;categorical_accuracy=0.6;adjacent_overlap=0.15;family=gaussian;ar1_rho=0.5;p_numeric_noise=5",""
412,"irrelevant_numeric",2,12,26693001,"core","n=300;k=3;p_numeric_signal=6;q_categorical_signal=4;q_categorical_noise=0;categorical_accuracy=0.6;adjacent_overlap=0.15;family=gaussian;ar1_rho=0.5;p_numeric_noise=5",""
413,"irrelevant_numeric",2,13,26693101,"core","n=300;k=3;p_numeric_signal=6;q_categorical_signal=4;q_categorical_noise=0;categorical_accuracy=0.6;adjacent_overlap=0.15;family=gaussian;ar1_rho=0.5;p_numeric_noise=5",""
414,"irrelevant_numeric",2,14,26693201,"core","n=300;k=3;p_numeric_signal=6;q_categorical_signal=4;q_categorical_noise=0;categorical_accuracy=0.6;adjacent_overlap=0.15;family=gaussian;ar1_rho=0.5;p_numeric_noise=5",""
415,"irrelevant_numeric",2,15,26693301,"core","n=300;k=3;p_numeric_signal=6;q_categorical_signal=4;q_categorical_noise=0;categorical_accuracy=0.6;adjacent_overlap=0.15;family=gaussian;ar1_rho=0.5;p_numeric_noise=5",""
416,"irrelevant_numeric",2,16,26693401,"core","n=300;k=3;p_numeric_signal=6;q_categorical_signal=4;q_categorical_noise=0;categorical_accuracy=0.6;adjacent_overlap=0.15;family=gaussian;ar1_rho=0.5;p_numeric_noise=5",""
417,"irrelevant_numeric",2,17,26693501,"core","n=300;k=3;p_numeric_signal=6;q_categorical_signal=4;q_categorical_noise=0;categorical_accuracy=0.6;adjacent_overlap=0.15;family=gaussian;ar1_rho=0.5;p_numeric_noise=5",""
418,"irrelevant_numeric",2,18,26693601,"core","n=300;k=3;p_numeric_signal=6;q_categorical_signal=4;q_categorical_noise=0;categorical_accuracy=0.6;adjacent_overlap=0.15;family=gaussian;ar1_rho=0.5;p_numeric_noise=5",""
419,"irrelevant_numeric",2,19,26693701,"core","n=300;k=3;p_numeric_signal=6;q_categorical_signal=4;q_categorical_noise=0;categorical_accuracy=0.6;adjacent_overlap=0.15;family=gaussian;ar1_rho=0.5;p_numeric_noise=5",""
420,"irrelevant_numeric",2,20,26693801,"core","n=300;k=3;p_numeric_signal=6;q_categorical_signal=4;q_categorical_noise=0;categorical_accuracy=0.6;adjacent_overlap=0.15;family=gaussian;ar1_rho=0.5;p_numeric_noise=5",""
421,"irrelevant_numeric",2,21,26693901,"core","n=300;k=3;p_numeric_signal=6;q_categorical_signal=4;q_categorical_noise=0;categorical_accuracy=0.6;adjacent_overlap=0.15;family=gaussian;ar1_rho=0.5;p_numeric_noise=5",""
422,"irrelevant_numeric",2,22,26694001,"core","n=300;k=3;p_numeric_signal=6;q_categorical_signal=4;q_categorical_noise=0;categorical_accuracy=0.6;adjacent_overlap=0.15;family=gaussian;ar1_rho=0.5;p_numeric_noise=5",""
423,"irrelevant_numeric",2,23,26694101,"core","n=300;k=3;p_numeric_signal=6;q_categorical_signal=4;q_categorical_noise=0;categorical_accuracy=0.6;adjacent_overlap=0.15;family=gaussian;ar1_rho=0.5;p_numeric_noise=5",""
424,"irrelevant_numeric",2,24,26694201,"core","n=300;k=3;p_numeric_signal=6;q_categorical_signal=4;q_categorical_noise=0;categorical_accuracy=0.6;adjacent_overlap=0.15;family=gaussian;ar1_rho=0.5;p_numeric_noise=5",""
425,"irrelevant_numeric",2,25,26694301,"core","n=300;k=3;p_numeric_signal=6;q_categorical_signal=4;q_categorical_noise=0;categorical_accuracy=0.6;adjacent_overlap=0.15;family=gaussian;ar1_rho=0.5;p_numeric_noise=5",""
426,"irrelevant_numeric",2,26,26694401,"core","n=300;k=3;p_numeric_signal=6;q_categorical_signal=4;q_categorical_noise=0;categorical_accuracy=0.6;adjacent_overlap=0.15;family=gaussian;ar1_rho=0.5;p_numeric_noise=5",""
427,"irrelevant_numeric",2,27,26694501,"core","n=300;k=3;p_numeric_signal=6;q_categorical_signal=4;q_categorical_noise=0;categorical_accuracy=0.6;adjacent_overlap=0.15;family=gaussian;ar1_rho=0.5;p_numeric_noise=5",""
428,"irrelevant_numeric",2,28,26694601,"core","n=300;k=3;p_numeric_signal=6;q_categorical_signal=4;q_categorical_noise=0;categorical_accuracy=0.6;adjacent_overlap=0.15;family=gaussian;ar1_rho=0.5;p_numeric_noise=5",""
429,"irrelevant_numeric",2,29,26694701,"core","n=300;k=3;p_numeric_signal=6;q_categorical_signal=4;q_categorical_noise=0;categorical_accuracy=0.6;adjacent_overlap=0.15;family=gaussian;ar1_rho=0.5;p_numeric_noise=5",""
430,"irrelevant_numeric",2,30,26694801,"core","n=300;k=3;p_numeric_signal=6;q_categorical_signal=4;q_categorical_noise=0;categorical_accuracy=0.6;adjacent_overlap=0.15;family=gaussian;ar1_rho=0.5;p_numeric_noise=5",""
431,"irrelevant_numeric",2,31,26694901,"core","n=300;k=3;p_numeric_signal=6;q_categorical_signal=4;q_categorical_noise=0;categorical_accuracy=0.6;adjacent_overlap=0.15;family=gaussian;ar1_rho=0.5;p_numeric_noise=5",""
432,"irrelevant_numeric",2,32,26695001,"core","n=300;k=3;p_numeric_signal=6;q_categorical_signal=4;q_categorical_noise=0;categorical_accuracy=0.6;adjacent_overlap=0.15;family=gaussian;ar1_rho=0.5;p_numeric_noise=5",""
433,"irrelevant_numeric",2,33,26695101,"core","n=300;k=3;p_numeric_signal=6;q_categorical_signal=4;q_categorical_noise=0;categorical_accuracy=0.6;adjacent_overlap=0.15;family=gaussian;ar1_rho=0.5;p_numeric_noise=5",""
434,"irrelevant_numeric",2,34,26695201,"core","n=300;k=3;p_numeric_signal=6;q_categorical_signal=4;q_categorical_noise=0;categorical_accuracy=0.6;adjacent_overlap=0.15;family=gaussian;ar1_rho=0.5;p_numeric_noise=5",""
435,"irrelevant_numeric",2,35,26695301,"core","n=300;k=3;p_numeric_signal=6;q_categorical_signal=4;q_categorical_noise=0;categorical_accuracy=0.6;adjacent_overlap=0.15;family=gaussian;ar1_rho=0.5;p_numeric_noise=5",""
436,"irrelevant_numeric",2,36,26695401,"core","n=300;k=3;p_numeric_signal=6;q_categorical_signal=4;q_categorical_noise=0;categorical_accuracy=0.6;adjacent_overlap=0.15;family=gaussian;ar1_rho=0.5;p_numeric_noise=5",""
437,"irrelevant_numeric",2,37,26695501,"core","n=300;k=3;p_numeric_signal=6;q_categorical_signal=4;q_categorical_noise=0;categorical_accuracy=0.6;adjacent_overlap=0.15;family=gaussian;ar1_rho=0.5;p_numeric_noise=5",""
438,"irrelevant_numeric",2,38,26695601,"core","n=300;k=3;p_numeric_signal=6;q_categorical_signal=4;q_categorical_noise=0;categorical_accuracy=0.6;adjacent_overlap=0.15;family=gaussian;ar1_rho=0.5;p_numeric_noise=5",""
439,"irrelevant_numeric",2,39,26695701,"core","n=300;k=3;p_numeric_signal=6;q_categorical_signal=4;q_categorical_noise=0;categorical_accuracy=0.6;adjacent_overlap=0.15;family=gaussian;ar1_rho=0.5;p_numeric_noise=5",""
440,"irrelevant_numeric",2,40,26695801,"core","n=300;k=3;p_numeric_signal=6;q_categorical_signal=4;q_categorical_noise=0;categorical_accuracy=0.6;adjacent_overlap=0.15;family=gaussian;ar1_rho=0.5;p_numeric_noise=5",""
441,"irrelevant_numeric",2,41,26695901,"core","n=300;k=3;p_numeric_signal=6;q_categorical_signal=4;q_categorical_noise=0;categorical_accuracy=0.6;adjacent_overlap=0.15;family=gaussian;ar1_rho=0.5;p_numeric_noise=5",""
442,"irrelevant_numeric",2,42,26696001,"core","n=300;k=3;p_numeric_signal=6;q_categorical_signal=4;q_categorical_noise=0;categorical_accuracy=0.6;adjacent_overlap=0.15;family=gaussian;ar1_rho=0.5;p_numeric_noise=5",""
443,"irrelevant_numeric",2,43,26696101,"core","n=300;k=3;p_numeric_signal=6;q_categorical_signal=4;q_categorical_noise=0;categorical_accuracy=0.6;adjacent_overlap=0.15;family=gaussian;ar1_rho=0.5;p_numeric_noise=5",""
444,"irrelevant_numeric",2,44,26696201,"core","n=300;k=3;p_numeric_signal=6;q_categorical_signal=4;q_categorical_noise=0;categorical_accuracy=0.6;adjacent_overlap=0.15;family=gaussian;ar1_rho=0.5;p_numeric_noise=5",""
445,"irrelevant_numeric",2,45,26696301,"core","n=300;k=3;p_numeric_signal=6;q_categorical_signal=4;q_categorical_noise=0;categorical_accuracy=0.6;adjacent_overlap=0.15;family=gaussian;ar1_rho=0.5;p_numeric_noise=5",""
446,"irrelevant_numeric",2,46,26696401,"core","n=300;k=3;p_numeric_signal=6;q_categorical_signal=4;q_categorical_noise=0;categorical_accuracy=0.6;adjacent_overlap=0.15;family=gaussian;ar1_rho=0.5;p_numeric_noise=5",""
447,"irrelevant_numeric",2,47,26696501,"core","n=300;k=3;p_numeric_signal=6;q_categorical_signal=4;q_categorical_noise=0;categorical_accuracy=0.6;adjacent_overlap=0.15;family=gaussian;ar1_rho=0.5;p_numeric_noise=5",""
448,"irrelevant_numeric",2,48,26696601,"core","n=300;k=3;p_numeric_signal=6;q_categorical_signal=4;q_categorical_noise=0;categorical_accuracy=0.6;adjacent_overlap=0.15;family=gaussian;ar1_rho=0.5;p_numeric_noise=5",""
449,"irrelevant_numeric",2,49,26696701,"core","n=300;k=3;p_numeric_signal=6;q_categorical_signal=4;q_categorical_noise=0;categorical_accuracy=0.6;adjacent_overlap=0.15;family=gaussian;ar1_rho=0.5;p_numeric_noise=5",""
450,"irrelevant_numeric",2,50,26696801,"core","n=300;k=3;p_numeric_signal=6;q_categorical_signal=4;q_categorical_noise=0;categorical_accuracy=0.6;adjacent_overlap=0.15;family=gaussian;ar1_rho=0.5;p_numeric_noise=5",""
451,"irrelevant_numeric",3,1,26691901,"core","n=300;k=3;p_numeric_signal=6;q_categorical_signal=4;q_categorical_noise=0;categorical_accuracy=0.6;adjacent_overlap=0.15;family=gaussian;ar1_rho=0.5;p_numeric_noise=10",""
452,"irrelevant_numeric",3,2,26692001,"core","n=300;k=3;p_numeric_signal=6;q_categorical_signal=4;q_categorical_noise=0;categorical_accuracy=0.6;adjacent_overlap=0.15;family=gaussian;ar1_rho=0.5;p_numeric_noise=10",""
453,"irrelevant_numeric",3,3,26692101,"core","n=300;k=3;p_numeric_signal=6;q_categorical_signal=4;q_categorical_noise=0;categorical_accuracy=0.6;adjacent_overlap=0.15;family=gaussian;ar1_rho=0.5;p_numeric_noise=10",""
454,"irrelevant_numeric",3,4,26692201,"core","n=300;k=3;p_numeric_signal=6;q_categorical_signal=4;q_categorical_noise=0;categorical_accuracy=0.6;adjacent_overlap=0.15;family=gaussian;ar1_rho=0.5;p_numeric_noise=10",""
455,"irrelevant_numeric",3,5,26692301,"core","n=300;k=3;p_numeric_signal=6;q_categorical_signal=4;q_categorical_noise=0;categorical_accuracy=0.6;adjacent_overlap=0.15;family=gaussian;ar1_rho=0.5;p_numeric_noise=10",""
456,"irrelevant_numeric",3,6,26692401,"core","n=300;k=3;p_numeric_signal=6;q_categorical_signal=4;q_categorical_noise=0;categorical_accuracy=0.6;adjacent_overlap=0.15;family=gaussian;ar1_rho=0.5;p_numeric_noise=10",""
457,"irrelevant_numeric",3,7,26692501,"core","n=300;k=3;p_numeric_signal=6;q_categorical_signal=4;q_categorical_noise=0;categorical_accuracy=0.6;adjacent_overlap=0.15;family=gaussian;ar1_rho=0.5;p_numeric_noise=10",""
458,"irrelevant_numeric",3,8,26692601,"core","n=300;k=3;p_numeric_signal=6;q_categorical_signal=4;q_categorical_noise=0;categorical_accuracy=0.6;adjacent_overlap=0.15;family=gaussian;ar1_rho=0.5;p_numeric_noise=10",""
459,"irrelevant_numeric",3,9,26692701,"core","n=300;k=3;p_numeric_signal=6;q_categorical_signal=4;q_categorical_noise=0;categorical_accuracy=0.6;adjacent_overlap=0.15;family=gaussian;ar1_rho=0.5;p_numeric_noise=10",""
460,"irrelevant_numeric",3,10,26692801,"core","n=300;k=3;p_numeric_signal=6;q_categorical_signal=4;q_categorical_noise=0;categorical_accuracy=0.6;adjacent_overlap=0.15;family=gaussian;ar1_rho=0.5;p_numeric_noise=10",""
461,"irrelevant_numeric",3,11,26692901,"core","n=300;k=3;p_numeric_signal=6;q_categorical_signal=4;q_categorical_noise=0;categorical_accuracy=0.6;adjacent_overlap=0.15;family=gaussian;ar1_rho=0.5;p_numeric_noise=10",""
462,"irrelevant_numeric",3,12,26693001,"core","n=300;k=3;p_numeric_signal=6;q_categorical_signal=4;q_categorical_noise=0;categorical_accuracy=0.6;adjacent_overlap=0.15;family=gaussian;ar1_rho=0.5;p_numeric_noise=10",""
463,"irrelevant_numeric",3,13,26693101,"core","n=300;k=3;p_numeric_signal=6;q_categorical_signal=4;q_categorical_noise=0;categorical_accuracy=0.6;adjacent_overlap=0.15;family=gaussian;ar1_rho=0.5;p_numeric_noise=10",""
464,"irrelevant_numeric",3,14,26693201,"core","n=300;k=3;p_numeric_signal=6;q_categorical_signal=4;q_categorical_noise=0;categorical_accuracy=0.6;adjacent_overlap=0.15;family=gaussian;ar1_rho=0.5;p_numeric_noise=10",""
465,"irrelevant_numeric",3,15,26693301,"core","n=300;k=3;p_numeric_signal=6;q_categorical_signal=4;q_categorical_noise=0;categorical_accuracy=0.6;adjacent_overlap=0.15;family=gaussian;ar1_rho=0.5;p_numeric_noise=10",""
466,"irrelevant_numeric",3,16,26693401,"core","n=300;k=3;p_numeric_signal=6;q_categorical_signal=4;q_categorical_noise=0;categorical_accuracy=0.6;adjacent_overlap=0.15;family=gaussian;ar1_rho=0.5;p_numeric_noise=10",""
467,"irrelevant_numeric",3,17,26693501,"core","n=300;k=3;p_numeric_signal=6;q_categorical_signal=4;q_categorical_noise=0;categorical_accuracy=0.6;adjacent_overlap=0.15;family=gaussian;ar1_rho=0.5;p_numeric_noise=10",""
468,"irrelevant_numeric",3,18,26693601,"core","n=300;k=3;p_numeric_signal=6;q_categorical_signal=4;q_categorical_noise=0;categorical_accuracy=0.6;adjacent_overlap=0.15;family=gaussian;ar1_rho=0.5;p_numeric_noise=10",""
469,"irrelevant_numeric",3,19,26693701,"core","n=300;k=3;p_numeric_signal=6;q_categorical_signal=4;q_categorical_noise=0;categorical_accuracy=0.6;adjacent_overlap=0.15;family=gaussian;ar1_rho=0.5;p_numeric_noise=10",""
470,"irrelevant_numeric",3,20,26693801,"core","n=300;k=3;p_numeric_signal=6;q_categorical_signal=4;q_categorical_noise=0;categorical_accuracy=0.6;adjacent_overlap=0.15;family=gaussian;ar1_rho=0.5;p_numeric_noise=10",""
471,"irrelevant_numeric",3,21,26693901,"core","n=300;k=3;p_numeric_signal=6;q_categorical_signal=4;q_categorical_noise=0;categorical_accuracy=0.6;adjacent_overlap=0.15;family=gaussian;ar1_rho=0.5;p_numeric_noise=10",""
472,"irrelevant_numeric",3,22,26694001,"core","n=300;k=3;p_numeric_signal=6;q_categorical_signal=4;q_categorical_noise=0;categorical_accuracy=0.6;adjacent_overlap=0.15;family=gaussian;ar1_rho=0.5;p_numeric_noise=10",""
473,"irrelevant_numeric",3,23,26694101,"core","n=300;k=3;p_numeric_signal=6;q_categorical_signal=4;q_categorical_noise=0;categorical_accuracy=0.6;adjacent_overlap=0.15;family=gaussian;ar1_rho=0.5;p_numeric_noise=10",""
474,"irrelevant_numeric",3,24,26694201,"core","n=300;k=3;p_numeric_signal=6;q_categorical_signal=4;q_categorical_noise=0;categorical_accuracy=0.6;adjacent_overlap=0.15;family=gaussian;ar1_rho=0.5;p_numeric_noise=10",""
475,"irrelevant_numeric",3,25,26694301,"core","n=300;k=3;p_numeric_signal=6;q_categorical_signal=4;q_categorical_noise=0;categorical_accuracy=0.6;adjacent_overlap=0.15;family=gaussian;ar1_rho=0.5;p_numeric_noise=10",""
476,"irrelevant_numeric",3,26,26694401,"core","n=300;k=3;p_numeric_signal=6;q_categorical_signal=4;q_categorical_noise=0;categorical_accuracy=0.6;adjacent_overlap=0.15;family=gaussian;ar1_rho=0.5;p_numeric_noise=10",""
477,"irrelevant_numeric",3,27,26694501,"core","n=300;k=3;p_numeric_signal=6;q_categorical_signal=4;q_categorical_noise=0;categorical_accuracy=0.6;adjacent_overlap=0.15;family=gaussian;ar1_rho=0.5;p_numeric_noise=10",""
478,"irrelevant_numeric",3,28,26694601,"core","n=300;k=3;p_numeric_signal=6;q_categorical_signal=4;q_categorical_noise=0;categorical_accuracy=0.6;adjacent_overlap=0.15;family=gaussian;ar1_rho=0.5;p_numeric_noise=10",""
479,"irrelevant_numeric",3,29,26694701,"core","n=300;k=3;p_numeric_signal=6;q_categorical_signal=4;q_categorical_noise=0;categorical_accuracy=0.6;adjacent_overlap=0.15;family=gaussian;ar1_rho=0.5;p_numeric_noise=10",""
480,"irrelevant_numeric",3,30,26694801,"core","n=300;k=3;p_numeric_signal=6;q_categorical_signal=4;q_categorical_noise=0;categorical_accuracy=0.6;adjacent_overlap=0.15;family=gaussian;ar1_rho=0.5;p_numeric_noise=10",""
481,"irrelevant_numeric",3,31,26694901,"core","n=300;k=3;p_numeric_signal=6;q_categorical_signal=4;q_categorical_noise=0;categorical_accuracy=0.6;adjacent_overlap=0.15;family=gaussian;ar1_rho=0.5;p_numeric_noise=10",""
482,"irrelevant_numeric",3,32,26695001,"core","n=300;k=3;p_numeric_signal=6;q_categorical_signal=4;q_categorical_noise=0;categorical_accuracy=0.6;adjacent_overlap=0.15;family=gaussian;ar1_rho=0.5;p_numeric_noise=10",""
483,"irrelevant_numeric",3,33,26695101,"core","n=300;k=3;p_numeric_signal=6;q_categorical_signal=4;q_categorical_noise=0;categorical_accuracy=0.6;adjacent_overlap=0.15;family=gaussian;ar1_rho=0.5;p_numeric_noise=10",""
484,"irrelevant_numeric",3,34,26695201,"core","n=300;k=3;p_numeric_signal=6;q_categorical_signal=4;q_categorical_noise=0;categorical_accuracy=0.6;adjacent_overlap=0.15;family=gaussian;ar1_rho=0.5;p_numeric_noise=10",""
485,"irrelevant_numeric",3,35,26695301,"core","n=300;k=3;p_numeric_signal=6;q_categorical_signal=4;q_categorical_noise=0;categorical_accuracy=0.6;adjacent_overlap=0.15;family=gaussian;ar1_rho=0.5;p_numeric_noise=10",""
486,"irrelevant_numeric",3,36,26695401,"core","n=300;k=3;p_numeric_signal=6;q_categorical_signal=4;q_categorical_noise=0;categorical_accuracy=0.6;adjacent_overlap=0.15;family=gaussian;ar1_rho=0.5;p_numeric_noise=10",""
487,"irrelevant_numeric",3,37,26695501,"core","n=300;k=3;p_numeric_signal=6;q_categorical_signal=4;q_categorical_noise=0;categorical_accuracy=0.6;adjacent_overlap=0.15;family=gaussian;ar1_rho=0.5;p_numeric_noise=10",""
488,"irrelevant_numeric",3,38,26695601,"core","n=300;k=3;p_numeric_signal=6;q_categorical_signal=4;q_categorical_noise=0;categorical_accuracy=0.6;adjacent_overlap=0.15;family=gaussian;ar1_rho=0.5;p_numeric_noise=10",""
489,"irrelevant_numeric",3,39,26695701,"core","n=300;k=3;p_numeric_signal=6;q_categorical_signal=4;q_categorical_noise=0;categorical_accuracy=0.6;adjacent_overlap=0.15;family=gaussian;ar1_rho=0.5;p_numeric_noise=10",""
490,"irrelevant_numeric",3,40,26695801,"core","n=300;k=3;p_numeric_signal=6;q_categorical_signal=4;q_categorical_noise=0;categorical_accuracy=0.6;adjacent_overlap=0.15;family=gaussian;ar1_rho=0.5;p_numeric_noise=10",""
491,"irrelevant_numeric",3,41,26695901,"core","n=300;k=3;p_numeric_signal=6;q_categorical_signal=4;q_categorical_noise=0;categorical_accuracy=0.6;adjacent_overlap=0.15;family=gaussian;ar1_rho=0.5;p_numeric_noise=10",""
492,"irrelevant_numeric",3,42,26696001,"core","n=300;k=3;p_numeric_signal=6;q_categorical_signal=4;q_categorical_noise=0;categorical_accuracy=0.6;adjacent_overlap=0.15;family=gaussian;ar1_rho=0.5;p_numeric_noise=10",""
493,"irrelevant_numeric",3,43,26696101,"core","n=300;k=3;p_numeric_signal=6;q_categorical_signal=4;q_categorical_noise=0;categorical_accuracy=0.6;adjacent_overlap=0.15;family=gaussian;ar1_rho=0.5;p_numeric_noise=10",""
494,"irrelevant_numeric",3,44,26696201,"core","n=300;k=3;p_numeric_signal=6;q_categorical_signal=4;q_categorical_noise=0;categorical_accuracy=0.6;adjacent_overlap=0.15;family=gaussian;ar1_rho=0.5;p_numeric_noise=10",""
495,"irrelevant_numeric",3,45,26696301,"core","n=300;k=3;p_numeric_signal=6;q_categorical_signal=4;q_categorical_noise=0;categorical_accuracy=0.6;adjacent_overlap=0.15;family=gaussian;ar1_rho=0.5;p_numeric_noise=10",""
496,"irrelevant_numeric",3,46,26696401,"core","n=300;k=3;p_numeric_signal=6;q_categorical_signal=4;q_categorical_noise=0;categorical_accuracy=0.6;adjacent_overlap=0.15;family=gaussian;ar1_rho=0.5;p_numeric_noise=10",""
497,"irrelevant_numeric",3,47,26696501,"core","n=300;k=3;p_numeric_signal=6;q_categorical_signal=4;q_categorical_noise=0;categorical_accuracy=0.6;adjacent_overlap=0.15;family=gaussian;ar1_rho=0.5;p_numeric_noise=10",""
498,"irrelevant_numeric",3,48,26696601,"core","n=300;k=3;p_numeric_signal=6;q_categorical_signal=4;q_categorical_noise=0;categorical_accuracy=0.6;adjacent_overlap=0.15;family=gaussian;ar1_rho=0.5;p_numeric_noise=10",""
499,"irrelevant_numeric",3,49,26696701,"core","n=300;k=3;p_numeric_signal=6;q_categorical_signal=4;q_categorical_noise=0;categorical_accuracy=0.6;adjacent_overlap=0.15;family=gaussian;ar1_rho=0.5;p_numeric_noise=10",""
500,"irrelevant_numeric",3,50,26696801,"core","n=300;k=3;p_numeric_signal=6;q_categorical_signal=4;q_categorical_noise=0;categorical_accuracy=0.6;adjacent_overlap=0.15;family=gaussian;ar1_rho=0.5;p_numeric_noise=10",""
501,"irrelevant_categorical",1,1,26791901,"core","n=300;k=3;p_numeric_signal=6;p_numeric_noise=0;q_categorical_signal=4;categorical_accuracy=0.6;adjacent_overlap=0.15;family=gaussian;ar1_rho=0.5;q_categorical_noise=0",""
502,"irrelevant_categorical",1,2,26792001,"core","n=300;k=3;p_numeric_signal=6;p_numeric_noise=0;q_categorical_signal=4;categorical_accuracy=0.6;adjacent_overlap=0.15;family=gaussian;ar1_rho=0.5;q_categorical_noise=0",""
503,"irrelevant_categorical",1,3,26792101,"core","n=300;k=3;p_numeric_signal=6;p_numeric_noise=0;q_categorical_signal=4;categorical_accuracy=0.6;adjacent_overlap=0.15;family=gaussian;ar1_rho=0.5;q_categorical_noise=0",""
504,"irrelevant_categorical",1,4,26792201,"core","n=300;k=3;p_numeric_signal=6;p_numeric_noise=0;q_categorical_signal=4;categorical_accuracy=0.6;adjacent_overlap=0.15;family=gaussian;ar1_rho=0.5;q_categorical_noise=0",""
505,"irrelevant_categorical",1,5,26792301,"core","n=300;k=3;p_numeric_signal=6;p_numeric_noise=0;q_categorical_signal=4;categorical_accuracy=0.6;adjacent_overlap=0.15;family=gaussian;ar1_rho=0.5;q_categorical_noise=0",""
506,"irrelevant_categorical",1,6,26792401,"core","n=300;k=3;p_numeric_signal=6;p_numeric_noise=0;q_categorical_signal=4;categorical_accuracy=0.6;adjacent_overlap=0.15;family=gaussian;ar1_rho=0.5;q_categorical_noise=0",""
507,"irrelevant_categorical",1,7,26792501,"core","n=300;k=3;p_numeric_signal=6;p_numeric_noise=0;q_categorical_signal=4;categorical_accuracy=0.6;adjacent_overlap=0.15;family=gaussian;ar1_rho=0.5;q_categorical_noise=0",""
508,"irrelevant_categorical",1,8,26792601,"core","n=300;k=3;p_numeric_signal=6;p_numeric_noise=0;q_categorical_signal=4;categorical_accuracy=0.6;adjacent_overlap=0.15;family=gaussian;ar1_rho=0.5;q_categorical_noise=0",""
509,"irrelevant_categorical",1,9,26792701,"core","n=300;k=3;p_numeric_signal=6;p_numeric_noise=0;q_categorical_signal=4;categorical_accuracy=0.6;adjacent_overlap=0.15;family=gaussian;ar1_rho=0.5;q_categorical_noise=0",""
510,"irrelevant_categorical",1,10,26792801,"core","n=300;k=3;p_numeric_signal=6;p_numeric_noise=0;q_categorical_signal=4;categorical_accuracy=0.6;adjacent_overlap=0.15;family=gaussian;ar1_rho=0.5;q_categorical_noise=0",""
511,"irrelevant_categorical",1,11,26792901,"core","n=300;k=3;p_numeric_signal=6;p_numeric_noise=0;q_categorical_signal=4;categorical_accuracy=0.6;adjacent_overlap=0.15;family=gaussian;ar1_rho=0.5;q_categorical_noise=0",""
512,"irrelevant_categorical",1,12,26793001,"core","n=300;k=3;p_numeric_signal=6;p_numeric_noise=0;q_categorical_signal=4;categorical_accuracy=0.6;adjacent_overlap=0.15;family=gaussian;ar1_rho=0.5;q_categorical_noise=0",""
513,"irrelevant_categorical",1,13,26793101,"core","n=300;k=3;p_numeric_signal=6;p_numeric_noise=0;q_categorical_signal=4;categorical_accuracy=0.6;adjacent_overlap=0.15;family=gaussian;ar1_rho=0.5;q_categorical_noise=0",""
514,"irrelevant_categorical",1,14,26793201,"core","n=300;k=3;p_numeric_signal=6;p_numeric_noise=0;q_categorical_signal=4;categorical_accuracy=0.6;adjacent_overlap=0.15;family=gaussian;ar1_rho=0.5;q_categorical_noise=0",""
515,"irrelevant_categorical",1,15,26793301,"core","n=300;k=3;p_numeric_signal=6;p_numeric_noise=0;q_categorical_signal=4;categorical_accuracy=0.6;adjacent_overlap=0.15;family=gaussian;ar1_rho=0.5;q_categorical_noise=0",""
516,"irrelevant_categorical",1,16,26793401,"core","n=300;k=3;p_numeric_signal=6;p_numeric_noise=0;q_categorical_signal=4;categorical_accuracy=0.6;adjacent_overlap=0.15;family=gaussian;ar1_rho=0.5;q_categorical_noise=0",""
517,"irrelevant_categorical",1,17,26793501,"core","n=300;k=3;p_numeric_signal=6;p_numeric_noise=0;q_categorical_signal=4;categorical_accuracy=0.6;adjacent_overlap=0.15;family=gaussian;ar1_rho=0.5;q_categorical_noise=0",""
518,"irrelevant_categorical",1,18,26793601,"core","n=300;k=3;p_numeric_signal=6;p_numeric_noise=0;q_categorical_signal=4;categorical_accuracy=0.6;adjacent_overlap=0.15;family=gaussian;ar1_rho=0.5;q_categorical_noise=0",""
519,"irrelevant_categorical",1,19,26793701,"core","n=300;k=3;p_numeric_signal=6;p_numeric_noise=0;q_categorical_signal=4;categorical_accuracy=0.6;adjacent_overlap=0.15;family=gaussian;ar1_rho=0.5;q_categorical_noise=0",""
520,"irrelevant_categorical",1,20,26793801,"core","n=300;k=3;p_numeric_signal=6;p_numeric_noise=0;q_categorical_signal=4;categorical_accuracy=0.6;adjacent_overlap=0.15;family=gaussian;ar1_rho=0.5;q_categorical_noise=0",""
521,"irrelevant_categorical",1,21,26793901,"core","n=300;k=3;p_numeric_signal=6;p_numeric_noise=0;q_categorical_signal=4;categorical_accuracy=0.6;adjacent_overlap=0.15;family=gaussian;ar1_rho=0.5;q_categorical_noise=0",""
522,"irrelevant_categorical",1,22,26794001,"core","n=300;k=3;p_numeric_signal=6;p_numeric_noise=0;q_categorical_signal=4;categorical_accuracy=0.6;adjacent_overlap=0.15;family=gaussian;ar1_rho=0.5;q_categorical_noise=0",""
523,"irrelevant_categorical",1,23,26794101,"core","n=300;k=3;p_numeric_signal=6;p_numeric_noise=0;q_categorical_signal=4;categorical_accuracy=0.6;adjacent_overlap=0.15;family=gaussian;ar1_rho=0.5;q_categorical_noise=0",""
524,"irrelevant_categorical",1,24,26794201,"core","n=300;k=3;p_numeric_signal=6;p_numeric_noise=0;q_categorical_signal=4;categorical_accuracy=0.6;adjacent_overlap=0.15;family=gaussian;ar1_rho=0.5;q_categorical_noise=0",""
525,"irrelevant_categorical",1,25,26794301,"core","n=300;k=3;p_numeric_signal=6;p_numeric_noise=0;q_categorical_signal=4;categorical_accuracy=0.6;adjacent_overlap=0.15;family=gaussian;ar1_rho=0.5;q_categorical_noise=0",""
526,"irrelevant_categorical",1,26,26794401,"core","n=300;k=3;p_numeric_signal=6;p_numeric_noise=0;q_categorical_signal=4;categorical_accuracy=0.6;adjacent_overlap=0.15;family=gaussian;ar1_rho=0.5;q_categorical_noise=0",""
527,"irrelevant_categorical",1,27,26794501,"core","n=300;k=3;p_numeric_signal=6;p_numeric_noise=0;q_categorical_signal=4;categorical_accuracy=0.6;adjacent_overlap=0.15;family=gaussian;ar1_rho=0.5;q_categorical_noise=0",""
528,"irrelevant_categorical",1,28,26794601,"core","n=300;k=3;p_numeric_signal=6;p_numeric_noise=0;q_categorical_signal=4;categorical_accuracy=0.6;adjacent_overlap=0.15;family=gaussian;ar1_rho=0.5;q_categorical_noise=0",""
529,"irrelevant_categorical",1,29,26794701,"core","n=300;k=3;p_numeric_signal=6;p_numeric_noise=0;q_categorical_signal=4;categorical_accuracy=0.6;adjacent_overlap=0.15;family=gaussian;ar1_rho=0.5;q_categorical_noise=0",""
530,"irrelevant_categorical",1,30,26794801,"core","n=300;k=3;p_numeric_signal=6;p_numeric_noise=0;q_categorical_signal=4;categorical_accuracy=0.6;adjacent_overlap=0.15;family=gaussian;ar1_rho=0.5;q_categorical_noise=0",""
531,"irrelevant_categorical",1,31,26794901,"core","n=300;k=3;p_numeric_signal=6;p_numeric_noise=0;q_categorical_signal=4;categorical_accuracy=0.6;adjacent_overlap=0.15;family=gaussian;ar1_rho=0.5;q_categorical_noise=0",""
532,"irrelevant_categorical",1,32,26795001,"core","n=300;k=3;p_numeric_signal=6;p_numeric_noise=0;q_categorical_signal=4;categorical_accuracy=0.6;adjacent_overlap=0.15;family=gaussian;ar1_rho=0.5;q_categorical_noise=0",""
533,"irrelevant_categorical",1,33,26795101,"core","n=300;k=3;p_numeric_signal=6;p_numeric_noise=0;q_categorical_signal=4;categorical_accuracy=0.6;adjacent_overlap=0.15;family=gaussian;ar1_rho=0.5;q_categorical_noise=0",""
534,"irrelevant_categorical",1,34,26795201,"core","n=300;k=3;p_numeric_signal=6;p_numeric_noise=0;q_categorical_signal=4;categorical_accuracy=0.6;adjacent_overlap=0.15;family=gaussian;ar1_rho=0.5;q_categorical_noise=0",""
535,"irrelevant_categorical",1,35,26795301,"core","n=300;k=3;p_numeric_signal=6;p_numeric_noise=0;q_categorical_signal=4;categorical_accuracy=0.6;adjacent_overlap=0.15;family=gaussian;ar1_rho=0.5;q_categorical_noise=0",""
536,"irrelevant_categorical",1,36,26795401,"core","n=300;k=3;p_numeric_signal=6;p_numeric_noise=0;q_categorical_signal=4;categorical_accuracy=0.6;adjacent_overlap=0.15;family=gaussian;ar1_rho=0.5;q_categorical_noise=0",""
537,"irrelevant_categorical",1,37,26795501,"core","n=300;k=3;p_numeric_signal=6;p_numeric_noise=0;q_categorical_signal=4;categorical_accuracy=0.6;adjacent_overlap=0.15;family=gaussian;ar1_rho=0.5;q_categorical_noise=0",""
538,"irrelevant_categorical",1,38,26795601,"core","n=300;k=3;p_numeric_signal=6;p_numeric_noise=0;q_categorical_signal=4;categorical_accuracy=0.6;adjacent_overlap=0.15;family=gaussian;ar1_rho=0.5;q_categorical_noise=0",""
539,"irrelevant_categorical",1,39,26795701,"core","n=300;k=3;p_numeric_signal=6;p_numeric_noise=0;q_categorical_signal=4;categorical_accuracy=0.6;adjacent_overlap=0.15;family=gaussian;ar1_rho=0.5;q_categorical_noise=0",""
540,"irrelevant_categorical",1,40,26795801,"core","n=300;k=3;p_numeric_signal=6;p_numeric_noise=0;q_categorical_signal=4;categorical_accuracy=0.6;adjacent_overlap=0.15;family=gaussian;ar1_rho=0.5;q_categorical_noise=0",""
541,"irrelevant_categorical",1,41,26795901,"core","n=300;k=3;p_numeric_signal=6;p_numeric_noise=0;q_categorical_signal=4;categorical_accuracy=0.6;adjacent_overlap=0.15;family=gaussian;ar1_rho=0.5;q_categorical_noise=0",""
542,"irrelevant_categorical",1,42,26796001,"core","n=300;k=3;p_numeric_signal=6;p_numeric_noise=0;q_categorical_signal=4;categorical_accuracy=0.6;adjacent_overlap=0.15;family=gaussian;ar1_rho=0.5;q_categorical_noise=0",""
543,"irrelevant_categorical",1,43,26796101,"core","n=300;k=3;p_numeric_signal=6;p_numeric_noise=0;q_categorical_signal=4;categorical_accuracy=0.6;adjacent_overlap=0.15;family=gaussian;ar1_rho=0.5;q_categorical_noise=0",""
544,"irrelevant_categorical",1,44,26796201,"core","n=300;k=3;p_numeric_signal=6;p_numeric_noise=0;q_categorical_signal=4;categorical_accuracy=0.6;adjacent_overlap=0.15;family=gaussian;ar1_rho=0.5;q_categorical_noise=0",""
545,"irrelevant_categorical",1,45,26796301,"core","n=300;k=3;p_numeric_signal=6;p_numeric_noise=0;q_categorical_signal=4;categorical_accuracy=0.6;adjacent_overlap=0.15;family=gaussian;ar1_rho=0.5;q_categorical_noise=0",""
546,"irrelevant_categorical",1,46,26796401,"core","n=300;k=3;p_numeric_signal=6;p_numeric_noise=0;q_categorical_signal=4;categorical_accuracy=0.6;adjacent_overlap=0.15;family=gaussian;ar1_rho=0.5;q_categorical_noise=0",""
547,"irrelevant_categorical",1,47,26796501,"core","n=300;k=3;p_numeric_signal=6;p_numeric_noise=0;q_categorical_signal=4;categorical_accuracy=0.6;adjacent_overlap=0.15;family=gaussian;ar1_rho=0.5;q_categorical_noise=0",""
548,"irrelevant_categorical",1,48,26796601,"core","n=300;k=3;p_numeric_signal=6;p_numeric_noise=0;q_categorical_signal=4;categorical_accuracy=0.6;adjacent_overlap=0.15;family=gaussian;ar1_rho=0.5;q_categorical_noise=0",""
549,"irrelevant_categorical",1,49,26796701,"core","n=300;k=3;p_numeric_signal=6;p_numeric_noise=0;q_categorical_signal=4;categorical_accuracy=0.6;adjacent_overlap=0.15;family=gaussian;ar1_rho=0.5;q_categorical_noise=0",""
550,"irrelevant_categorical",1,50,26796801,"core","n=300;k=3;p_numeric_signal=6;p_numeric_noise=0;q_categorical_signal=4;categorical_accuracy=0.6;adjacent_overlap=0.15;family=gaussian;ar1_rho=0.5;q_categorical_noise=0",""
551,"irrelevant_categorical",2,1,26791901,"core","n=300;k=3;p_numeric_signal=6;p_numeric_noise=0;q_categorical_signal=4;categorical_accuracy=0.6;adjacent_overlap=0.15;family=gaussian;ar1_rho=0.5;q_categorical_noise=5",""
552,"irrelevant_categorical",2,2,26792001,"core","n=300;k=3;p_numeric_signal=6;p_numeric_noise=0;q_categorical_signal=4;categorical_accuracy=0.6;adjacent_overlap=0.15;family=gaussian;ar1_rho=0.5;q_categorical_noise=5",""
553,"irrelevant_categorical",2,3,26792101,"core","n=300;k=3;p_numeric_signal=6;p_numeric_noise=0;q_categorical_signal=4;categorical_accuracy=0.6;adjacent_overlap=0.15;family=gaussian;ar1_rho=0.5;q_categorical_noise=5",""
554,"irrelevant_categorical",2,4,26792201,"core","n=300;k=3;p_numeric_signal=6;p_numeric_noise=0;q_categorical_signal=4;categorical_accuracy=0.6;adjacent_overlap=0.15;family=gaussian;ar1_rho=0.5;q_categorical_noise=5",""
555,"irrelevant_categorical",2,5,26792301,"core","n=300;k=3;p_numeric_signal=6;p_numeric_noise=0;q_categorical_signal=4;categorical_accuracy=0.6;adjacent_overlap=0.15;family=gaussian;ar1_rho=0.5;q_categorical_noise=5",""
556,"irrelevant_categorical",2,6,26792401,"core","n=300;k=3;p_numeric_signal=6;p_numeric_noise=0;q_categorical_signal=4;categorical_accuracy=0.6;adjacent_overlap=0.15;family=gaussian;ar1_rho=0.5;q_categorical_noise=5",""
557,"irrelevant_categorical",2,7,26792501,"core","n=300;k=3;p_numeric_signal=6;p_numeric_noise=0;q_categorical_signal=4;categorical_accuracy=0.6;adjacent_overlap=0.15;family=gaussian;ar1_rho=0.5;q_categorical_noise=5",""
558,"irrelevant_categorical",2,8,26792601,"core","n=300;k=3;p_numeric_signal=6;p_numeric_noise=0;q_categorical_signal=4;categorical_accuracy=0.6;adjacent_overlap=0.15;family=gaussian;ar1_rho=0.5;q_categorical_noise=5",""
559,"irrelevant_categorical",2,9,26792701,"core","n=300;k=3;p_numeric_signal=6;p_numeric_noise=0;q_categorical_signal=4;categorical_accuracy=0.6;adjacent_overlap=0.15;family=gaussian;ar1_rho=0.5;q_categorical_noise=5",""
560,"irrelevant_categorical",2,10,26792801,"core","n=300;k=3;p_numeric_signal=6;p_numeric_noise=0;q_categorical_signal=4;categorical_accuracy=0.6;adjacent_overlap=0.15;family=gaussian;ar1_rho=0.5;q_categorical_noise=5",""
561,"irrelevant_categorical",2,11,26792901,"core","n=300;k=3;p_numeric_signal=6;p_numeric_noise=0;q_categorical_signal=4;categorical_accuracy=0.6;adjacent_overlap=0.15;family=gaussian;ar1_rho=0.5;q_categorical_noise=5",""
562,"irrelevant_categorical",2,12,26793001,"core","n=300;k=3;p_numeric_signal=6;p_numeric_noise=0;q_categorical_signal=4;categorical_accuracy=0.6;adjacent_overlap=0.15;family=gaussian;ar1_rho=0.5;q_categorical_noise=5",""
563,"irrelevant_categorical",2,13,26793101,"core","n=300;k=3;p_numeric_signal=6;p_numeric_noise=0;q_categorical_signal=4;categorical_accuracy=0.6;adjacent_overlap=0.15;family=gaussian;ar1_rho=0.5;q_categorical_noise=5",""
564,"irrelevant_categorical",2,14,26793201,"core","n=300;k=3;p_numeric_signal=6;p_numeric_noise=0;q_categorical_signal=4;categorical_accuracy=0.6;adjacent_overlap=0.15;family=gaussian;ar1_rho=0.5;q_categorical_noise=5",""
565,"irrelevant_categorical",2,15,26793301,"core","n=300;k=3;p_numeric_signal=6;p_numeric_noise=0;q_categorical_signal=4;categorical_accuracy=0.6;adjacent_overlap=0.15;family=gaussian;ar1_rho=0.5;q_categorical_noise=5",""
566,"irrelevant_categorical",2,16,26793401,"core","n=300;k=3;p_numeric_signal=6;p_numeric_noise=0;q_categorical_signal=4;categorical_accuracy=0.6;adjacent_overlap=0.15;family=gaussian;ar1_rho=0.5;q_categorical_noise=5",""
567,"irrelevant_categorical",2,17,26793501,"core","n=300;k=3;p_numeric_signal=6;p_numeric_noise=0;q_categorical_signal=4;categorical_accuracy=0.6;adjacent_overlap=0.15;family=gaussian;ar1_rho=0.5;q_categorical_noise=5",""
568,"irrelevant_categorical",2,18,26793601,"core","n=300;k=3;p_numeric_signal=6;p_numeric_noise=0;q_categorical_signal=4;categorical_accuracy=0.6;adjacent_overlap=0.15;family=gaussian;ar1_rho=0.5;q_categorical_noise=5",""
569,"irrelevant_categorical",2,19,26793701,"core","n=300;k=3;p_numeric_signal=6;p_numeric_noise=0;q_categorical_signal=4;categorical_accuracy=0.6;adjacent_overlap=0.15;family=gaussian;ar1_rho=0.5;q_categorical_noise=5",""
570,"irrelevant_categorical",2,20,26793801,"core","n=300;k=3;p_numeric_signal=6;p_numeric_noise=0;q_categorical_signal=4;categorical_accuracy=0.6;adjacent_overlap=0.15;family=gaussian;ar1_rho=0.5;q_categorical_noise=5",""
571,"irrelevant_categorical",2,21,26793901,"core","n=300;k=3;p_numeric_signal=6;p_numeric_noise=0;q_categorical_signal=4;categorical_accuracy=0.6;adjacent_overlap=0.15;family=gaussian;ar1_rho=0.5;q_categorical_noise=5",""
572,"irrelevant_categorical",2,22,26794001,"core","n=300;k=3;p_numeric_signal=6;p_numeric_noise=0;q_categorical_signal=4;categorical_accuracy=0.6;adjacent_overlap=0.15;family=gaussian;ar1_rho=0.5;q_categorical_noise=5",""
573,"irrelevant_categorical",2,23,26794101,"core","n=300;k=3;p_numeric_signal=6;p_numeric_noise=0;q_categorical_signal=4;categorical_accuracy=0.6;adjacent_overlap=0.15;family=gaussian;ar1_rho=0.5;q_categorical_noise=5",""
574,"irrelevant_categorical",2,24,26794201,"core","n=300;k=3;p_numeric_signal=6;p_numeric_noise=0;q_categorical_signal=4;categorical_accuracy=0.6;adjacent_overlap=0.15;family=gaussian;ar1_rho=0.5;q_categorical_noise=5",""
575,"irrelevant_categorical",2,25,26794301,"core","n=300;k=3;p_numeric_signal=6;p_numeric_noise=0;q_categorical_signal=4;categorical_accuracy=0.6;adjacent_overlap=0.15;family=gaussian;ar1_rho=0.5;q_categorical_noise=5",""
576,"irrelevant_categorical",2,26,26794401,"core","n=300;k=3;p_numeric_signal=6;p_numeric_noise=0;q_categorical_signal=4;categorical_accuracy=0.6;adjacent_overlap=0.15;family=gaussian;ar1_rho=0.5;q_categorical_noise=5",""
577,"irrelevant_categorical",2,27,26794501,"core","n=300;k=3;p_numeric_signal=6;p_numeric_noise=0;q_categorical_signal=4;categorical_accuracy=0.6;adjacent_overlap=0.15;family=gaussian;ar1_rho=0.5;q_categorical_noise=5",""
578,"irrelevant_categorical",2,28,26794601,"core","n=300;k=3;p_numeric_signal=6;p_numeric_noise=0;q_categorical_signal=4;categorical_accuracy=0.6;adjacent_overlap=0.15;family=gaussian;ar1_rho=0.5;q_categorical_noise=5",""
579,"irrelevant_categorical",2,29,26794701,"core","n=300;k=3;p_numeric_signal=6;p_numeric_noise=0;q_categorical_signal=4;categorical_accuracy=0.6;adjacent_overlap=0.15;family=gaussian;ar1_rho=0.5;q_categorical_noise=5",""
580,"irrelevant_categorical",2,30,26794801,"core","n=300;k=3;p_numeric_signal=6;p_numeric_noise=0;q_categorical_signal=4;categorical_accuracy=0.6;adjacent_overlap=0.15;family=gaussian;ar1_rho=0.5;q_categorical_noise=5",""
581,"irrelevant_categorical",2,31,26794901,"core","n=300;k=3;p_numeric_signal=6;p_numeric_noise=0;q_categorical_signal=4;categorical_accuracy=0.6;adjacent_overlap=0.15;family=gaussian;ar1_rho=0.5;q_categorical_noise=5",""
582,"irrelevant_categorical",2,32,26795001,"core","n=300;k=3;p_numeric_signal=6;p_numeric_noise=0;q_categorical_signal=4;categorical_accuracy=0.6;adjacent_overlap=0.15;family=gaussian;ar1_rho=0.5;q_categorical_noise=5",""
583,"irrelevant_categorical",2,33,26795101,"core","n=300;k=3;p_numeric_signal=6;p_numeric_noise=0;q_categorical_signal=4;categorical_accuracy=0.6;adjacent_overlap=0.15;family=gaussian;ar1_rho=0.5;q_categorical_noise=5",""
584,"irrelevant_categorical",2,34,26795201,"core","n=300;k=3;p_numeric_signal=6;p_numeric_noise=0;q_categorical_signal=4;categorical_accuracy=0.6;adjacent_overlap=0.15;family=gaussian;ar1_rho=0.5;q_categorical_noise=5",""
585,"irrelevant_categorical",2,35,26795301,"core","n=300;k=3;p_numeric_signal=6;p_numeric_noise=0;q_categorical_signal=4;categorical_accuracy=0.6;adjacent_overlap=0.15;family=gaussian;ar1_rho=0.5;q_categorical_noise=5",""
586,"irrelevant_categorical",2,36,26795401,"core","n=300;k=3;p_numeric_signal=6;p_numeric_noise=0;q_categorical_signal=4;categorical_accuracy=0.6;adjacent_overlap=0.15;family=gaussian;ar1_rho=0.5;q_categorical_noise=5",""
587,"irrelevant_categorical",2,37,26795501,"core","n=300;k=3;p_numeric_signal=6;p_numeric_noise=0;q_categorical_signal=4;categorical_accuracy=0.6;adjacent_overlap=0.15;family=gaussian;ar1_rho=0.5;q_categorical_noise=5",""
588,"irrelevant_categorical",2,38,26795601,"core","n=300;k=3;p_numeric_signal=6;p_numeric_noise=0;q_categorical_signal=4;categorical_accuracy=0.6;adjacent_overlap=0.15;family=gaussian;ar1_rho=0.5;q_categorical_noise=5",""
589,"irrelevant_categorical",2,39,26795701,"core","n=300;k=3;p_numeric_signal=6;p_numeric_noise=0;q_categorical_signal=4;categorical_accuracy=0.6;adjacent_overlap=0.15;family=gaussian;ar1_rho=0.5;q_categorical_noise=5",""
590,"irrelevant_categorical",2,40,26795801,"core","n=300;k=3;p_numeric_signal=6;p_numeric_noise=0;q_categorical_signal=4;categorical_accuracy=0.6;adjacent_overlap=0.15;family=gaussian;ar1_rho=0.5;q_categorical_noise=5",""
591,"irrelevant_categorical",2,41,26795901,"core","n=300;k=3;p_numeric_signal=6;p_numeric_noise=0;q_categorical_signal=4;categorical_accuracy=0.6;adjacent_overlap=0.15;family=gaussian;ar1_rho=0.5;q_categorical_noise=5",""
592,"irrelevant_categorical",2,42,26796001,"core","n=300;k=3;p_numeric_signal=6;p_numeric_noise=0;q_categorical_signal=4;categorical_accuracy=0.6;adjacent_overlap=0.15;family=gaussian;ar1_rho=0.5;q_categorical_noise=5",""
593,"irrelevant_categorical",2,43,26796101,"core","n=300;k=3;p_numeric_signal=6;p_numeric_noise=0;q_categorical_signal=4;categorical_accuracy=0.6;adjacent_overlap=0.15;family=gaussian;ar1_rho=0.5;q_categorical_noise=5",""
594,"irrelevant_categorical",2,44,26796201,"core","n=300;k=3;p_numeric_signal=6;p_numeric_noise=0;q_categorical_signal=4;categorical_accuracy=0.6;adjacent_overlap=0.15;family=gaussian;ar1_rho=0.5;q_categorical_noise=5",""
595,"irrelevant_categorical",2,45,26796301,"core","n=300;k=3;p_numeric_signal=6;p_numeric_noise=0;q_categorical_signal=4;categorical_accuracy=0.6;adjacent_overlap=0.15;family=gaussian;ar1_rho=0.5;q_categorical_noise=5",""
596,"irrelevant_categorical",2,46,26796401,"core","n=300;k=3;p_numeric_signal=6;p_numeric_noise=0;q_categorical_signal=4;categorical_accuracy=0.6;adjacent_overlap=0.15;family=gaussian;ar1_rho=0.5;q_categorical_noise=5",""
597,"irrelevant_categorical",2,47,26796501,"core","n=300;k=3;p_numeric_signal=6;p_numeric_noise=0;q_categorical_signal=4;categorical_accuracy=0.6;adjacent_overlap=0.15;family=gaussian;ar1_rho=0.5;q_categorical_noise=5",""
598,"irrelevant_categorical",2,48,26796601,"core","n=300;k=3;p_numeric_signal=6;p_numeric_noise=0;q_categorical_signal=4;categorical_accuracy=0.6;adjacent_overlap=0.15;family=gaussian;ar1_rho=0.5;q_categorical_noise=5",""
599,"irrelevant_categorical",2,49,26796701,"core","n=300;k=3;p_numeric_signal=6;p_numeric_noise=0;q_categorical_signal=4;categorical_accuracy=0.6;adjacent_overlap=0.15;family=gaussian;ar1_rho=0.5;q_categorical_noise=5",""
600,"irrelevant_categorical",2,50,26796801,"core","n=300;k=3;p_numeric_signal=6;p_numeric_noise=0;q_categorical_signal=4;categorical_accuracy=0.6;adjacent_overlap=0.15;family=gaussian;ar1_rho=0.5;q_categorical_noise=5",""
601,"irrelevant_categorical",3,1,26791901,"core","n=300;k=3;p_numeric_signal=6;p_numeric_noise=0;q_categorical_signal=4;categorical_accuracy=0.6;adjacent_overlap=0.15;family=gaussian;ar1_rho=0.5;q_categorical_noise=10",""
602,"irrelevant_categorical",3,2,26792001,"core","n=300;k=3;p_numeric_signal=6;p_numeric_noise=0;q_categorical_signal=4;categorical_accuracy=0.6;adjacent_overlap=0.15;family=gaussian;ar1_rho=0.5;q_categorical_noise=10",""
603,"irrelevant_categorical",3,3,26792101,"core","n=300;k=3;p_numeric_signal=6;p_numeric_noise=0;q_categorical_signal=4;categorical_accuracy=0.6;adjacent_overlap=0.15;family=gaussian;ar1_rho=0.5;q_categorical_noise=10",""
604,"irrelevant_categorical",3,4,26792201,"core","n=300;k=3;p_numeric_signal=6;p_numeric_noise=0;q_categorical_signal=4;categorical_accuracy=0.6;adjacent_overlap=0.15;family=gaussian;ar1_rho=0.5;q_categorical_noise=10",""
605,"irrelevant_categorical",3,5,26792301,"core","n=300;k=3;p_numeric_signal=6;p_numeric_noise=0;q_categorical_signal=4;categorical_accuracy=0.6;adjacent_overlap=0.15;family=gaussian;ar1_rho=0.5;q_categorical_noise=10",""
606,"irrelevant_categorical",3,6,26792401,"core","n=300;k=3;p_numeric_signal=6;p_numeric_noise=0;q_categorical_signal=4;categorical_accuracy=0.6;adjacent_overlap=0.15;family=gaussian;ar1_rho=0.5;q_categorical_noise=10",""
607,"irrelevant_categorical",3,7,26792501,"core","n=300;k=3;p_numeric_signal=6;p_numeric_noise=0;q_categorical_signal=4;categorical_accuracy=0.6;adjacent_overlap=0.15;family=gaussian;ar1_rho=0.5;q_categorical_noise=10",""
608,"irrelevant_categorical",3,8,26792601,"core","n=300;k=3;p_numeric_signal=6;p_numeric_noise=0;q_categorical_signal=4;categorical_accuracy=0.6;adjacent_overlap=0.15;family=gaussian;ar1_rho=0.5;q_categorical_noise=10",""
609,"irrelevant_categorical",3,9,26792701,"core","n=300;k=3;p_numeric_signal=6;p_numeric_noise=0;q_categorical_signal=4;categorical_accuracy=0.6;adjacent_overlap=0.15;family=gaussian;ar1_rho=0.5;q_categorical_noise=10",""
610,"irrelevant_categorical",3,10,26792801,"core","n=300;k=3;p_numeric_signal=6;p_numeric_noise=0;q_categorical_signal=4;categorical_accuracy=0.6;adjacent_overlap=0.15;family=gaussian;ar1_rho=0.5;q_categorical_noise=10",""
611,"irrelevant_categorical",3,11,26792901,"core","n=300;k=3;p_numeric_signal=6;p_numeric_noise=0;q_categorical_signal=4;categorical_accuracy=0.6;adjacent_overlap=0.15;family=gaussian;ar1_rho=0.5;q_categorical_noise=10",""
612,"irrelevant_categorical",3,12,26793001,"core","n=300;k=3;p_numeric_signal=6;p_numeric_noise=0;q_categorical_signal=4;categorical_accuracy=0.6;adjacent_overlap=0.15;family=gaussian;ar1_rho=0.5;q_categorical_noise=10",""
613,"irrelevant_categorical",3,13,26793101,"core","n=300;k=3;p_numeric_signal=6;p_numeric_noise=0;q_categorical_signal=4;categorical_accuracy=0.6;adjacent_overlap=0.15;family=gaussian;ar1_rho=0.5;q_categorical_noise=10",""
614,"irrelevant_categorical",3,14,26793201,"core","n=300;k=3;p_numeric_signal=6;p_numeric_noise=0;q_categorical_signal=4;categorical_accuracy=0.6;adjacent_overlap=0.15;family=gaussian;ar1_rho=0.5;q_categorical_noise=10",""
615,"irrelevant_categorical",3,15,26793301,"core","n=300;k=3;p_numeric_signal=6;p_numeric_noise=0;q_categorical_signal=4;categorical_accuracy=0.6;adjacent_overlap=0.15;family=gaussian;ar1_rho=0.5;q_categorical_noise=10",""
616,"irrelevant_categorical",3,16,26793401,"core","n=300;k=3;p_numeric_signal=6;p_numeric_noise=0;q_categorical_signal=4;categorical_accuracy=0.6;adjacent_overlap=0.15;family=gaussian;ar1_rho=0.5;q_categorical_noise=10",""
617,"irrelevant_categorical",3,17,26793501,"core","n=300;k=3;p_numeric_signal=6;p_numeric_noise=0;q_categorical_signal=4;categorical_accuracy=0.6;adjacent_overlap=0.15;family=gaussian;ar1_rho=0.5;q_categorical_noise=10",""
618,"irrelevant_categorical",3,18,26793601,"core","n=300;k=3;p_numeric_signal=6;p_numeric_noise=0;q_categorical_signal=4;categorical_accuracy=0.6;adjacent_overlap=0.15;family=gaussian;ar1_rho=0.5;q_categorical_noise=10",""
619,"irrelevant_categorical",3,19,26793701,"core","n=300;k=3;p_numeric_signal=6;p_numeric_noise=0;q_categorical_signal=4;categorical_accuracy=0.6;adjacent_overlap=0.15;family=gaussian;ar1_rho=0.5;q_categorical_noise=10",""
620,"irrelevant_categorical",3,20,26793801,"core","n=300;k=3;p_numeric_signal=6;p_numeric_noise=0;q_categorical_signal=4;categorical_accuracy=0.6;adjacent_overlap=0.15;family=gaussian;ar1_rho=0.5;q_categorical_noise=10",""
621,"irrelevant_categorical",3,21,26793901,"core","n=300;k=3;p_numeric_signal=6;p_numeric_noise=0;q_categorical_signal=4;categorical_accuracy=0.6;adjacent_overlap=0.15;family=gaussian;ar1_rho=0.5;q_categorical_noise=10",""
622,"irrelevant_categorical",3,22,26794001,"core","n=300;k=3;p_numeric_signal=6;p_numeric_noise=0;q_categorical_signal=4;categorical_accuracy=0.6;adjacent_overlap=0.15;family=gaussian;ar1_rho=0.5;q_categorical_noise=10",""
623,"irrelevant_categorical",3,23,26794101,"core","n=300;k=3;p_numeric_signal=6;p_numeric_noise=0;q_categorical_signal=4;categorical_accuracy=0.6;adjacent_overlap=0.15;family=gaussian;ar1_rho=0.5;q_categorical_noise=10",""
624,"irrelevant_categorical",3,24,26794201,"core","n=300;k=3;p_numeric_signal=6;p_numeric_noise=0;q_categorical_signal=4;categorical_accuracy=0.6;adjacent_overlap=0.15;family=gaussian;ar1_rho=0.5;q_categorical_noise=10",""
625,"irrelevant_categorical",3,25,26794301,"core","n=300;k=3;p_numeric_signal=6;p_numeric_noise=0;q_categorical_signal=4;categorical_accuracy=0.6;adjacent_overlap=0.15;family=gaussian;ar1_rho=0.5;q_categorical_noise=10",""
626,"irrelevant_categorical",3,26,26794401,"core","n=300;k=3;p_numeric_signal=6;p_numeric_noise=0;q_categorical_signal=4;categorical_accuracy=0.6;adjacent_overlap=0.15;family=gaussian;ar1_rho=0.5;q_categorical_noise=10",""
627,"irrelevant_categorical",3,27,26794501,"core","n=300;k=3;p_numeric_signal=6;p_numeric_noise=0;q_categorical_signal=4;categorical_accuracy=0.6;adjacent_overlap=0.15;family=gaussian;ar1_rho=0.5;q_categorical_noise=10",""
628,"irrelevant_categorical",3,28,26794601,"core","n=300;k=3;p_numeric_signal=6;p_numeric_noise=0;q_categorical_signal=4;categorical_accuracy=0.6;adjacent_overlap=0.15;family=gaussian;ar1_rho=0.5;q_categorical_noise=10",""
629,"irrelevant_categorical",3,29,26794701,"core","n=300;k=3;p_numeric_signal=6;p_numeric_noise=0;q_categorical_signal=4;categorical_accuracy=0.6;adjacent_overlap=0.15;family=gaussian;ar1_rho=0.5;q_categorical_noise=10",""
630,"irrelevant_categorical",3,30,26794801,"core","n=300;k=3;p_numeric_signal=6;p_numeric_noise=0;q_categorical_signal=4;categorical_accuracy=0.6;adjacent_overlap=0.15;family=gaussian;ar1_rho=0.5;q_categorical_noise=10",""
631,"irrelevant_categorical",3,31,26794901,"core","n=300;k=3;p_numeric_signal=6;p_numeric_noise=0;q_categorical_signal=4;categorical_accuracy=0.6;adjacent_overlap=0.15;family=gaussian;ar1_rho=0.5;q_categorical_noise=10",""
632,"irrelevant_categorical",3,32,26795001,"core","n=300;k=3;p_numeric_signal=6;p_numeric_noise=0;q_categorical_signal=4;categorical_accuracy=0.6;adjacent_overlap=0.15;family=gaussian;ar1_rho=0.5;q_categorical_noise=10",""
633,"irrelevant_categorical",3,33,26795101,"core","n=300;k=3;p_numeric_signal=6;p_numeric_noise=0;q_categorical_signal=4;categorical_accuracy=0.6;adjacent_overlap=0.15;family=gaussian;ar1_rho=0.5;q_categorical_noise=10",""
634,"irrelevant_categorical",3,34,26795201,"core","n=300;k=3;p_numeric_signal=6;p_numeric_noise=0;q_categorical_signal=4;categorical_accuracy=0.6;adjacent_overlap=0.15;family=gaussian;ar1_rho=0.5;q_categorical_noise=10",""
635,"irrelevant_categorical",3,35,26795301,"core","n=300;k=3;p_numeric_signal=6;p_numeric_noise=0;q_categorical_signal=4;categorical_accuracy=0.6;adjacent_overlap=0.15;family=gaussian;ar1_rho=0.5;q_categorical_noise=10",""
636,"irrelevant_categorical",3,36,26795401,"core","n=300;k=3;p_numeric_signal=6;p_numeric_noise=0;q_categorical_signal=4;categorical_accuracy=0.6;adjacent_overlap=0.15;family=gaussian;ar1_rho=0.5;q_categorical_noise=10",""
637,"irrelevant_categorical",3,37,26795501,"core","n=300;k=3;p_numeric_signal=6;p_numeric_noise=0;q_categorical_signal=4;categorical_accuracy=0.6;adjacent_overlap=0.15;family=gaussian;ar1_rho=0.5;q_categorical_noise=10",""
638,"irrelevant_categorical",3,38,26795601,"core","n=300;k=3;p_numeric_signal=6;p_numeric_noise=0;q_categorical_signal=4;categorical_accuracy=0.6;adjacent_overlap=0.15;family=gaussian;ar1_rho=0.5;q_categorical_noise=10",""
639,"irrelevant_categorical",3,39,26795701,"core","n=300;k=3;p_numeric_signal=6;p_numeric_noise=0;q_categorical_signal=4;categorical_accuracy=0.6;adjacent_overlap=0.15;family=gaussian;ar1_rho=0.5;q_categorical_noise=10",""
640,"irrelevant_categorical",3,40,26795801,"core","n=300;k=3;p_numeric_signal=6;p_numeric_noise=0;q_categorical_signal=4;categorical_accuracy=0.6;adjacent_overlap=0.15;family=gaussian;ar1_rho=0.5;q_categorical_noise=10",""
641,"irrelevant_categorical",3,41,26795901,"core","n=300;k=3;p_numeric_signal=6;p_numeric_noise=0;q_categorical_signal=4;categorical_accuracy=0.6;adjacent_overlap=0.15;family=gaussian;ar1_rho=0.5;q_categorical_noise=10",""
642,"irrelevant_categorical",3,42,26796001,"core","n=300;k=3;p_numeric_signal=6;p_numeric_noise=0;q_categorical_signal=4;categorical_accuracy=0.6;adjacent_overlap=0.15;family=gaussian;ar1_rho=0.5;q_categorical_noise=10",""
643,"irrelevant_categorical",3,43,26796101,"core","n=300;k=3;p_numeric_signal=6;p_numeric_noise=0;q_categorical_signal=4;categorical_accuracy=0.6;adjacent_overlap=0.15;family=gaussian;ar1_rho=0.5;q_categorical_noise=10",""
644,"irrelevant_categorical",3,44,26796201,"core","n=300;k=3;p_numeric_signal=6;p_numeric_noise=0;q_categorical_signal=4;categorical_accuracy=0.6;adjacent_overlap=0.15;family=gaussian;ar1_rho=0.5;q_categorical_noise=10",""
645,"irrelevant_categorical",3,45,26796301,"core","n=300;k=3;p_numeric_signal=6;p_numeric_noise=0;q_categorical_signal=4;categorical_accuracy=0.6;adjacent_overlap=0.15;family=gaussian;ar1_rho=0.5;q_categorical_noise=10",""
646,"irrelevant_categorical",3,46,26796401,"core","n=300;k=3;p_numeric_signal=6;p_numeric_noise=0;q_categorical_signal=4;categorical_accuracy=0.6;adjacent_overlap=0.15;family=gaussian;ar1_rho=0.5;q_categorical_noise=10",""
647,"irrelevant_categorical",3,47,26796501,"core","n=300;k=3;p_numeric_signal=6;p_numeric_noise=0;q_categorical_signal=4;categorical_accuracy=0.6;adjacent_overlap=0.15;family=gaussian;ar1_rho=0.5;q_categorical_noise=10",""
648,"irrelevant_categorical",3,48,26796601,"core","n=300;k=3;p_numeric_signal=6;p_numeric_noise=0;q_categorical_signal=4;categorical_accuracy=0.6;adjacent_overlap=0.15;family=gaussian;ar1_rho=0.5;q_categorical_noise=10",""
649,"irrelevant_categorical",3,49,26796701,"core","n=300;k=3;p_numeric_signal=6;p_numeric_noise=0;q_categorical_signal=4;categorical_accuracy=0.6;adjacent_overlap=0.15;family=gaussian;ar1_rho=0.5;q_categorical_noise=10",""
650,"irrelevant_categorical",3,50,26796801,"core","n=300;k=3;p_numeric_signal=6;p_numeric_noise=0;q_categorical_signal=4;categorical_accuracy=0.6;adjacent_overlap=0.15;family=gaussian;ar1_rho=0.5;q_categorical_noise=10",""
651,"categorical_contamination",1,1,26891901,"core","n_per_moon=180;interaction_state=signal;q_categorical_noise=0;moon_noise_sd=0.08;categorical_contamination=0",""
652,"categorical_contamination",1,2,26892001,"core","n_per_moon=180;interaction_state=signal;q_categorical_noise=0;moon_noise_sd=0.08;categorical_contamination=0",""
653,"categorical_contamination",1,3,26892101,"core","n_per_moon=180;interaction_state=signal;q_categorical_noise=0;moon_noise_sd=0.08;categorical_contamination=0",""
654,"categorical_contamination",1,4,26892201,"core","n_per_moon=180;interaction_state=signal;q_categorical_noise=0;moon_noise_sd=0.08;categorical_contamination=0",""
655,"categorical_contamination",1,5,26892301,"core","n_per_moon=180;interaction_state=signal;q_categorical_noise=0;moon_noise_sd=0.08;categorical_contamination=0",""
656,"categorical_contamination",1,6,26892401,"core","n_per_moon=180;interaction_state=signal;q_categorical_noise=0;moon_noise_sd=0.08;categorical_contamination=0",""
657,"categorical_contamination",1,7,26892501,"core","n_per_moon=180;interaction_state=signal;q_categorical_noise=0;moon_noise_sd=0.08;categorical_contamination=0",""
658,"categorical_contamination",1,8,26892601,"core","n_per_moon=180;interaction_state=signal;q_categorical_noise=0;moon_noise_sd=0.08;categorical_contamination=0",""
659,"categorical_contamination",1,9,26892701,"core","n_per_moon=180;interaction_state=signal;q_categorical_noise=0;moon_noise_sd=0.08;categorical_contamination=0",""
660,"categorical_contamination",1,10,26892801,"core","n_per_moon=180;interaction_state=signal;q_categorical_noise=0;moon_noise_sd=0.08;categorical_contamination=0",""
661,"categorical_contamination",1,11,26892901,"core","n_per_moon=180;interaction_state=signal;q_categorical_noise=0;moon_noise_sd=0.08;categorical_contamination=0",""
662,"categorical_contamination",1,12,26893001,"core","n_per_moon=180;interaction_state=signal;q_categorical_noise=0;moon_noise_sd=0.08;categorical_contamination=0",""
663,"categorical_contamination",1,13,26893101,"core","n_per_moon=180;interaction_state=signal;q_categorical_noise=0;moon_noise_sd=0.08;categorical_contamination=0",""
664,"categorical_contamination",1,14,26893201,"core","n_per_moon=180;interaction_state=signal;q_categorical_noise=0;moon_noise_sd=0.08;categorical_contamination=0",""
665,"categorical_contamination",1,15,26893301,"core","n_per_moon=180;interaction_state=signal;q_categorical_noise=0;moon_noise_sd=0.08;categorical_contamination=0",""
666,"categorical_contamination",1,16,26893401,"core","n_per_moon=180;interaction_state=signal;q_categorical_noise=0;moon_noise_sd=0.08;categorical_contamination=0",""
667,"categorical_contamination",1,17,26893501,"core","n_per_moon=180;interaction_state=signal;q_categorical_noise=0;moon_noise_sd=0.08;categorical_contamination=0",""
668,"categorical_contamination",1,18,26893601,"core","n_per_moon=180;interaction_state=signal;q_categorical_noise=0;moon_noise_sd=0.08;categorical_contamination=0",""
669,"categorical_contamination",1,19,26893701,"core","n_per_moon=180;interaction_state=signal;q_categorical_noise=0;moon_noise_sd=0.08;categorical_contamination=0",""
670,"categorical_contamination",1,20,26893801,"core","n_per_moon=180;interaction_state=signal;q_categorical_noise=0;moon_noise_sd=0.08;categorical_contamination=0",""
671,"categorical_contamination",1,21,26893901,"core","n_per_moon=180;interaction_state=signal;q_categorical_noise=0;moon_noise_sd=0.08;categorical_contamination=0",""
672,"categorical_contamination",1,22,26894001,"core","n_per_moon=180;interaction_state=signal;q_categorical_noise=0;moon_noise_sd=0.08;categorical_contamination=0",""
673,"categorical_contamination",1,23,26894101,"core","n_per_moon=180;interaction_state=signal;q_categorical_noise=0;moon_noise_sd=0.08;categorical_contamination=0",""
674,"categorical_contamination",1,24,26894201,"core","n_per_moon=180;interaction_state=signal;q_categorical_noise=0;moon_noise_sd=0.08;categorical_contamination=0",""
675,"categorical_contamination",1,25,26894301,"core","n_per_moon=180;interaction_state=signal;q_categorical_noise=0;moon_noise_sd=0.08;categorical_contamination=0",""
676,"categorical_contamination",1,26,26894401,"core","n_per_moon=180;interaction_state=signal;q_categorical_noise=0;moon_noise_sd=0.08;categorical_contamination=0",""
677,"categorical_contamination",1,27,26894501,"core","n_per_moon=180;interaction_state=signal;q_categorical_noise=0;moon_noise_sd=0.08;categorical_contamination=0",""
678,"categorical_contamination",1,28,26894601,"core","n_per_moon=180;interaction_state=signal;q_categorical_noise=0;moon_noise_sd=0.08;categorical_contamination=0",""
679,"categorical_contamination",1,29,26894701,"core","n_per_moon=180;interaction_state=signal;q_categorical_noise=0;moon_noise_sd=0.08;categorical_contamination=0",""
680,"categorical_contamination",1,30,26894801,"core","n_per_moon=180;interaction_state=signal;q_categorical_noise=0;moon_noise_sd=0.08;categorical_contamination=0",""
681,"categorical_contamination",1,31,26894901,"core","n_per_moon=180;interaction_state=signal;q_categorical_noise=0;moon_noise_sd=0.08;categorical_contamination=0",""
682,"categorical_contamination",1,32,26895001,"core","n_per_moon=180;interaction_state=signal;q_categorical_noise=0;moon_noise_sd=0.08;categorical_contamination=0",""
683,"categorical_contamination",1,33,26895101,"core","n_per_moon=180;interaction_state=signal;q_categorical_noise=0;moon_noise_sd=0.08;categorical_contamination=0",""
684,"categorical_contamination",1,34,26895201,"core","n_per_moon=180;interaction_state=signal;q_categorical_noise=0;moon_noise_sd=0.08;categorical_contamination=0",""
685,"categorical_contamination",1,35,26895301,"core","n_per_moon=180;interaction_state=signal;q_categorical_noise=0;moon_noise_sd=0.08;categorical_contamination=0",""
686,"categorical_contamination",1,36,26895401,"core","n_per_moon=180;interaction_state=signal;q_categorical_noise=0;moon_noise_sd=0.08;categorical_contamination=0",""
687,"categorical_contamination",1,37,26895501,"core","n_per_moon=180;interaction_state=signal;q_categorical_noise=0;moon_noise_sd=0.08;categorical_contamination=0",""
688,"categorical_contamination",1,38,26895601,"core","n_per_moon=180;interaction_state=signal;q_categorical_noise=0;moon_noise_sd=0.08;categorical_contamination=0",""
689,"categorical_contamination",1,39,26895701,"core","n_per_moon=180;interaction_state=signal;q_categorical_noise=0;moon_noise_sd=0.08;categorical_contamination=0",""
690,"categorical_contamination",1,40,26895801,"core","n_per_moon=180;interaction_state=signal;q_categorical_noise=0;moon_noise_sd=0.08;categorical_contamination=0",""
691,"categorical_contamination",1,41,26895901,"core","n_per_moon=180;interaction_state=signal;q_categorical_noise=0;moon_noise_sd=0.08;categorical_contamination=0",""
692,"categorical_contamination",1,42,26896001,"core","n_per_moon=180;interaction_state=signal;q_categorical_noise=0;moon_noise_sd=0.08;categorical_contamination=0",""
693,"categorical_contamination",1,43,26896101,"core","n_per_moon=180;interaction_state=signal;q_categorical_noise=0;moon_noise_sd=0.08;categorical_contamination=0",""
694,"categorical_contamination",1,44,26896201,"core","n_per_moon=180;interaction_state=signal;q_categorical_noise=0;moon_noise_sd=0.08;categorical_contamination=0",""
695,"categorical_contamination",1,45,26896301,"core","n_per_moon=180;interaction_state=signal;q_categorical_noise=0;moon_noise_sd=0.08;categorical_contamination=0",""
696,"categorical_contamination",1,46,26896401,"core","n_per_moon=180;interaction_state=signal;q_categorical_noise=0;moon_noise_sd=0.08;categorical_contamination=0",""
697,"categorical_contamination",1,47,26896501,"core","n_per_moon=180;interaction_state=signal;q_categorical_noise=0;moon_noise_sd=0.08;categorical_contamination=0",""
698,"categorical_contamination",1,48,26896601,"core","n_per_moon=180;interaction_state=signal;q_categorical_noise=0;moon_noise_sd=0.08;categorical_contamination=0",""
699,"categorical_contamination",1,49,26896701,"core","n_per_moon=180;interaction_state=signal;q_categorical_noise=0;moon_noise_sd=0.08;categorical_contamination=0",""
700,"categorical_contamination",1,50,26896801,"core","n_per_moon=180;interaction_state=signal;q_categorical_noise=0;moon_noise_sd=0.08;categorical_contamination=0",""
701,"categorical_contamination",2,1,26891901,"core","n_per_moon=180;interaction_state=signal;q_categorical_noise=0;moon_noise_sd=0.08;categorical_contamination=0.05",""
702,"categorical_contamination",2,2,26892001,"core","n_per_moon=180;interaction_state=signal;q_categorical_noise=0;moon_noise_sd=0.08;categorical_contamination=0.05",""
703,"categorical_contamination",2,3,26892101,"core","n_per_moon=180;interaction_state=signal;q_categorical_noise=0;moon_noise_sd=0.08;categorical_contamination=0.05",""
704,"categorical_contamination",2,4,26892201,"core","n_per_moon=180;interaction_state=signal;q_categorical_noise=0;moon_noise_sd=0.08;categorical_contamination=0.05",""
705,"categorical_contamination",2,5,26892301,"core","n_per_moon=180;interaction_state=signal;q_categorical_noise=0;moon_noise_sd=0.08;categorical_contamination=0.05",""
706,"categorical_contamination",2,6,26892401,"core","n_per_moon=180;interaction_state=signal;q_categorical_noise=0;moon_noise_sd=0.08;categorical_contamination=0.05",""
707,"categorical_contamination",2,7,26892501,"core","n_per_moon=180;interaction_state=signal;q_categorical_noise=0;moon_noise_sd=0.08;categorical_contamination=0.05",""
708,"categorical_contamination",2,8,26892601,"core","n_per_moon=180;interaction_state=signal;q_categorical_noise=0;moon_noise_sd=0.08;categorical_contamination=0.05",""
709,"categorical_contamination",2,9,26892701,"core","n_per_moon=180;interaction_state=signal;q_categorical_noise=0;moon_noise_sd=0.08;categorical_contamination=0.05",""
710,"categorical_contamination",2,10,26892801,"core","n_per_moon=180;interaction_state=signal;q_categorical_noise=0;moon_noise_sd=0.08;categorical_contamination=0.05",""
711,"categorical_contamination",2,11,26892901,"core","n_per_moon=180;interaction_state=signal;q_categorical_noise=0;moon_noise_sd=0.08;categorical_contamination=0.05",""
712,"categorical_contamination",2,12,26893001,"core","n_per_moon=180;interaction_state=signal;q_categorical_noise=0;moon_noise_sd=0.08;categorical_contamination=0.05",""
713,"categorical_contamination",2,13,26893101,"core","n_per_moon=180;interaction_state=signal;q_categorical_noise=0;moon_noise_sd=0.08;categorical_contamination=0.05",""
714,"categorical_contamination",2,14,26893201,"core","n_per_moon=180;interaction_state=signal;q_categorical_noise=0;moon_noise_sd=0.08;categorical_contamination=0.05",""
715,"categorical_contamination",2,15,26893301,"core","n_per_moon=180;interaction_state=signal;q_categorical_noise=0;moon_noise_sd=0.08;categorical_contamination=0.05",""
716,"categorical_contamination",2,16,26893401,"core","n_per_moon=180;interaction_state=signal;q_categorical_noise=0;moon_noise_sd=0.08;categorical_contamination=0.05",""
717,"categorical_contamination",2,17,26893501,"core","n_per_moon=180;interaction_state=signal;q_categorical_noise=0;moon_noise_sd=0.08;categorical_contamination=0.05",""
718,"categorical_contamination",2,18,26893601,"core","n_per_moon=180;interaction_state=signal;q_categorical_noise=0;moon_noise_sd=0.08;categorical_contamination=0.05",""
719,"categorical_contamination",2,19,26893701,"core","n_per_moon=180;interaction_state=signal;q_categorical_noise=0;moon_noise_sd=0.08;categorical_contamination=0.05",""
720,"categorical_contamination",2,20,26893801,"core","n_per_moon=180;interaction_state=signal;q_categorical_noise=0;moon_noise_sd=0.08;categorical_contamination=0.05",""
721,"categorical_contamination",2,21,26893901,"core","n_per_moon=180;interaction_state=signal;q_categorical_noise=0;moon_noise_sd=0.08;categorical_contamination=0.05",""
722,"categorical_contamination",2,22,26894001,"core","n_per_moon=180;interaction_state=signal;q_categorical_noise=0;moon_noise_sd=0.08;categorical_contamination=0.05",""
723,"categorical_contamination",2,23,26894101,"core","n_per_moon=180;interaction_state=signal;q_categorical_noise=0;moon_noise_sd=0.08;categorical_contamination=0.05",""
724,"categorical_contamination",2,24,26894201,"core","n_per_moon=180;interaction_state=signal;q_categorical_noise=0;moon_noise_sd=0.08;categorical_contamination=0.05",""
725,"categorical_contamination",2,25,26894301,"core","n_per_moon=180;interaction_state=signal;q_categorical_noise=0;moon_noise_sd=0.08;categorical_contamination=0.05",""
726,"categorical_contamination",2,26,26894401,"core","n_per_moon=180;interaction_state=signal;q_categorical_noise=0;moon_noise_sd=0.08;categorical_contamination=0.05",""
727,"categorical_contamination",2,27,26894501,"core","n_per_moon=180;interaction_state=signal;q_categorical_noise=0;moon_noise_sd=0.08;categorical_contamination=0.05",""
728,"categorical_contamination",2,28,26894601,"core","n_per_moon=180;interaction_state=signal;q_categorical_noise=0;moon_noise_sd=0.08;categorical_contamination=0.05",""
729,"categorical_contamination",2,29,26894701,"core","n_per_moon=180;interaction_state=signal;q_categorical_noise=0;moon_noise_sd=0.08;categorical_contamination=0.05",""
730,"categorical_contamination",2,30,26894801,"core","n_per_moon=180;interaction_state=signal;q_categorical_noise=0;moon_noise_sd=0.08;categorical_contamination=0.05",""
731,"categorical_contamination",2,31,26894901,"core","n_per_moon=180;interaction_state=signal;q_categorical_noise=0;moon_noise_sd=0.08;categorical_contamination=0.05",""
732,"categorical_contamination",2,32,26895001,"core","n_per_moon=180;interaction_state=signal;q_categorical_noise=0;moon_noise_sd=0.08;categorical_contamination=0.05",""
733,"categorical_contamination",2,33,26895101,"core","n_per_moon=180;interaction_state=signal;q_categorical_noise=0;moon_noise_sd=0.08;categorical_contamination=0.05",""
734,"categorical_contamination",2,34,26895201,"core","n_per_moon=180;interaction_state=signal;q_categorical_noise=0;moon_noise_sd=0.08;categorical_contamination=0.05",""
735,"categorical_contamination",2,35,26895301,"core","n_per_moon=180;interaction_state=signal;q_categorical_noise=0;moon_noise_sd=0.08;categorical_contamination=0.05",""
736,"categorical_contamination",2,36,26895401,"core","n_per_moon=180;interaction_state=signal;q_categorical_noise=0;moon_noise_sd=0.08;categorical_contamination=0.05",""
737,"categorical_contamination",2,37,26895501,"core","n_per_moon=180;interaction_state=signal;q_categorical_noise=0;moon_noise_sd=0.08;categorical_contamination=0.05",""
738,"categorical_contamination",2,38,26895601,"core","n_per_moon=180;interaction_state=signal;q_categorical_noise=0;moon_noise_sd=0.08;categorical_contamination=0.05",""
739,"categorical_contamination",2,39,26895701,"core","n_per_moon=180;interaction_state=signal;q_categorical_noise=0;moon_noise_sd=0.08;categorical_contamination=0.05",""
740,"categorical_contamination",2,40,26895801,"core","n_per_moon=180;interaction_state=signal;q_categorical_noise=0;moon_noise_sd=0.08;categorical_contamination=0.05",""
741,"categorical_contamination",2,41,26895901,"core","n_per_moon=180;interaction_state=signal;q_categorical_noise=0;moon_noise_sd=0.08;categorical_contamination=0.05",""
742,"categorical_contamination",2,42,26896001,"core","n_per_moon=180;interaction_state=signal;q_categorical_noise=0;moon_noise_sd=0.08;categorical_contamination=0.05",""
743,"categorical_contamination",2,43,26896101,"core","n_per_moon=180;interaction_state=signal;q_categorical_noise=0;moon_noise_sd=0.08;categorical_contamination=0.05",""
744,"categorical_contamination",2,44,26896201,"core","n_per_moon=180;interaction_state=signal;q_categorical_noise=0;moon_noise_sd=0.08;categorical_contamination=0.05",""
745,"categorical_contamination",2,45,26896301,"core","n_per_moon=180;interaction_state=signal;q_categorical_noise=0;moon_noise_sd=0.08;categorical_contamination=0.05",""
746,"categorical_contamination",2,46,26896401,"core","n_per_moon=180;interaction_state=signal;q_categorical_noise=0;moon_noise_sd=0.08;categorical_contamination=0.05",""
747,"categorical_contamination",2,47,26896501,"core","n_per_moon=180;interaction_state=signal;q_categorical_noise=0;moon_noise_sd=0.08;categorical_contamination=0.05",""
748,"categorical_contamination",2,48,26896601,"core","n_per_moon=180;interaction_state=signal;q_categorical_noise=0;moon_noise_sd=0.08;categorical_contamination=0.05",""
749,"categorical_contamination",2,49,26896701,"core","n_per_moon=180;interaction_state=signal;q_categorical_noise=0;moon_noise_sd=0.08;categorical_contamination=0.05",""
750,"categorical_contamination",2,50,26896801,"core","n_per_moon=180;interaction_state=signal;q_categorical_noise=0;moon_noise_sd=0.08;categorical_contamination=0.05",""
751,"categorical_contamination",3,1,26891901,"core","n_per_moon=180;interaction_state=signal;q_categorical_noise=0;moon_noise_sd=0.08;categorical_contamination=0.1",""
752,"categorical_contamination",3,2,26892001,"core","n_per_moon=180;interaction_state=signal;q_categorical_noise=0;moon_noise_sd=0.08;categorical_contamination=0.1",""
753,"categorical_contamination",3,3,26892101,"core","n_per_moon=180;interaction_state=signal;q_categorical_noise=0;moon_noise_sd=0.08;categorical_contamination=0.1",""
754,"categorical_contamination",3,4,26892201,"core","n_per_moon=180;interaction_state=signal;q_categorical_noise=0;moon_noise_sd=0.08;categorical_contamination=0.1",""
755,"categorical_contamination",3,5,26892301,"core","n_per_moon=180;interaction_state=signal;q_categorical_noise=0;moon_noise_sd=0.08;categorical_contamination=0.1",""
756,"categorical_contamination",3,6,26892401,"core","n_per_moon=180;interaction_state=signal;q_categorical_noise=0;moon_noise_sd=0.08;categorical_contamination=0.1",""
757,"categorical_contamination",3,7,26892501,"core","n_per_moon=180;interaction_state=signal;q_categorical_noise=0;moon_noise_sd=0.08;categorical_contamination=0.1",""
758,"categorical_contamination",3,8,26892601,"core","n_per_moon=180;interaction_state=signal;q_categorical_noise=0;moon_noise_sd=0.08;categorical_contamination=0.1",""
759,"categorical_contamination",3,9,26892701,"core","n_per_moon=180;interaction_state=signal;q_categorical_noise=0;moon_noise_sd=0.08;categorical_contamination=0.1",""
760,"categorical_contamination",3,10,26892801,"core","n_per_moon=180;interaction_state=signal;q_categorical_noise=0;moon_noise_sd=0.08;categorical_contamination=0.1",""
761,"categorical_contamination",3,11,26892901,"core","n_per_moon=180;interaction_state=signal;q_categorical_noise=0;moon_noise_sd=0.08;categorical_contamination=0.1",""
762,"categorical_contamination",3,12,26893001,"core","n_per_moon=180;interaction_state=signal;q_categorical_noise=0;moon_noise_sd=0.08;categorical_contamination=0.1",""
763,"categorical_contamination",3,13,26893101,"core","n_per_moon=180;interaction_state=signal;q_categorical_noise=0;moon_noise_sd=0.08;categorical_contamination=0.1",""
764,"categorical_contamination",3,14,26893201,"core","n_per_moon=180;interaction_state=signal;q_categorical_noise=0;moon_noise_sd=0.08;categorical_contamination=0.1",""
765,"categorical_contamination",3,15,26893301,"core","n_per_moon=180;interaction_state=signal;q_categorical_noise=0;moon_noise_sd=0.08;categorical_contamination=0.1",""
766,"categorical_contamination",3,16,26893401,"core","n_per_moon=180;interaction_state=signal;q_categorical_noise=0;moon_noise_sd=0.08;categorical_contamination=0.1",""
767,"categorical_contamination",3,17,26893501,"core","n_per_moon=180;interaction_state=signal;q_categorical_noise=0;moon_noise_sd=0.08;categorical_contamination=0.1",""
768,"categorical_contamination",3,18,26893601,"core","n_per_moon=180;interaction_state=signal;q_categorical_noise=0;moon_noise_sd=0.08;categorical_contamination=0.1",""
769,"categorical_contamination",3,19,26893701,"core","n_per_moon=180;interaction_state=signal;q_categorical_noise=0;moon_noise_sd=0.08;categorical_contamination=0.1",""
770,"categorical_contamination",3,20,26893801,"core","n_per_moon=180;interaction_state=signal;q_categorical_noise=0;moon_noise_sd=0.08;categorical_contamination=0.1",""
771,"categorical_contamination",3,21,26893901,"core","n_per_moon=180;interaction_state=signal;q_categorical_noise=0;moon_noise_sd=0.08;categorical_contamination=0.1",""
772,"categorical_contamination",3,22,26894001,"core","n_per_moon=180;interaction_state=signal;q_categorical_noise=0;moon_noise_sd=0.08;categorical_contamination=0.1",""
773,"categorical_contamination",3,23,26894101,"core","n_per_moon=180;interaction_state=signal;q_categorical_noise=0;moon_noise_sd=0.08;categorical_contamination=0.1",""
774,"categorical_contamination",3,24,26894201,"core","n_per_moon=180;interaction_state=signal;q_categorical_noise=0;moon_noise_sd=0.08;categorical_contamination=0.1",""
775,"categorical_contamination",3,25,26894301,"core","n_per_moon=180;interaction_state=signal;q_categorical_noise=0;moon_noise_sd=0.08;categorical_contamination=0.1",""
776,"categorical_contamination",3,26,26894401,"core","n_per_moon=180;interaction_state=signal;q_categorical_noise=0;moon_noise_sd=0.08;categorical_contamination=0.1",""
777,"categorical_contamination",3,27,26894501,"core","n_per_moon=180;interaction_state=signal;q_categorical_noise=0;moon_noise_sd=0.08;categorical_contamination=0.1",""
778,"categorical_contamination",3,28,26894601,"core","n_per_moon=180;interaction_state=signal;q_categorical_noise=0;moon_noise_sd=0.08;categorical_contamination=0.1",""
779,"categorical_contamination",3,29,26894701,"core","n_per_moon=180;interaction_state=signal;q_categorical_noise=0;moon_noise_sd=0.08;categorical_contamination=0.1",""
780,"categorical_contamination",3,30,26894801,"core","n_per_moon=180;interaction_state=signal;q_categorical_noise=0;moon_noise_sd=0.08;categorical_contamination=0.1",""
781,"categorical_contamination",3,31,26894901,"core","n_per_moon=180;interaction_state=signal;q_categorical_noise=0;moon_noise_sd=0.08;categorical_contamination=0.1",""
782,"categorical_contamination",3,32,26895001,"core","n_per_moon=180;interaction_state=signal;q_categorical_noise=0;moon_noise_sd=0.08;categorical_contamination=0.1",""
783,"categorical_contamination",3,33,26895101,"core","n_per_moon=180;interaction_state=signal;q_categorical_noise=0;moon_noise_sd=0.08;categorical_contamination=0.1",""
784,"categorical_contamination",3,34,26895201,"core","n_per_moon=180;interaction_state=signal;q_categorical_noise=0;moon_noise_sd=0.08;categorical_contamination=0.1",""
785,"categorical_contamination",3,35,26895301,"core","n_per_moon=180;interaction_state=signal;q_categorical_noise=0;moon_noise_sd=0.08;categorical_contamination=0.1",""
786,"categorical_contamination",3,36,26895401,"core","n_per_moon=180;interaction_state=signal;q_categorical_noise=0;moon_noise_sd=0.08;categorical_contamination=0.1",""
787,"categorical_contamination",3,37,26895501,"core","n_per_moon=180;interaction_state=signal;q_categorical_noise=0;moon_noise_sd=0.08;categorical_contamination=0.1",""
788,"categorical_contamination",3,38,26895601,"core","n_per_moon=180;interaction_state=signal;q_categorical_noise=0;moon_noise_sd=0.08;categorical_contamination=0.1",""
789,"categorical_contamination",3,39,26895701,"core","n_per_moon=180;interaction_state=signal;q_categorical_noise=0;moon_noise_sd=0.08;categorical_contamination=0.1",""
790,"categorical_contamination",3,40,26895801,"core","n_per_moon=180;interaction_state=signal;q_categorical_noise=0;moon_noise_sd=0.08;categorical_contamination=0.1",""
791,"categorical_contamination",3,41,26895901,"core","n_per_moon=180;interaction_state=signal;q_categorical_noise=0;moon_noise_sd=0.08;categorical_contamination=0.1",""
792,"categorical_contamination",3,42,26896001,"core","n_per_moon=180;interaction_state=signal;q_categorical_noise=0;moon_noise_sd=0.08;categorical_contamination=0.1",""
793,"categorical_contamination",3,43,26896101,"core","n_per_moon=180;interaction_state=signal;q_categorical_noise=0;moon_noise_sd=0.08;categorical_contamination=0.1",""
794,"categorical_contamination",3,44,26896201,"core","n_per_moon=180;interaction_state=signal;q_categorical_noise=0;moon_noise_sd=0.08;categorical_contamination=0.1",""
795,"categorical_contamination",3,45,26896301,"core","n_per_moon=180;interaction_state=signal;q_categorical_noise=0;moon_noise_sd=0.08;categorical_contamination=0.1",""
796,"categorical_contamination",3,46,26896401,"core","n_per_moon=180;interaction_state=signal;q_categorical_noise=0;moon_noise_sd=0.08;categorical_contamination=0.1",""
797,"categorical_contamination",3,47,26896501,"core","n_per_moon=180;interaction_state=signal;q_categorical_noise=0;moon_noise_sd=0.08;categorical_contamination=0.1",""
798,"categorical_contamination",3,48,26896601,"core","n_per_moon=180;interaction_state=signal;q_categorical_noise=0;moon_noise_sd=0.08;categorical_contamination=0.1",""
799,"categorical_contamination",3,49,26896701,"core","n_per_moon=180;interaction_state=signal;q_categorical_noise=0;moon_noise_sd=0.08;categorical_contamination=0.1",""
800,"categorical_contamination",3,50,26896801,"core","n_per_moon=180;interaction_state=signal;q_categorical_noise=0;moon_noise_sd=0.08;categorical_contamination=0.1",""
801,"categorical_contamination",4,1,26891901,"core","n_per_moon=180;interaction_state=signal;q_categorical_noise=0;moon_noise_sd=0.08;categorical_contamination=0.2",""
802,"categorical_contamination",4,2,26892001,"core","n_per_moon=180;interaction_state=signal;q_categorical_noise=0;moon_noise_sd=0.08;categorical_contamination=0.2",""
803,"categorical_contamination",4,3,26892101,"core","n_per_moon=180;interaction_state=signal;q_categorical_noise=0;moon_noise_sd=0.08;categorical_contamination=0.2",""
804,"categorical_contamination",4,4,26892201,"core","n_per_moon=180;interaction_state=signal;q_categorical_noise=0;moon_noise_sd=0.08;categorical_contamination=0.2",""
805,"categorical_contamination",4,5,26892301,"core","n_per_moon=180;interaction_state=signal;q_categorical_noise=0;moon_noise_sd=0.08;categorical_contamination=0.2",""
806,"categorical_contamination",4,6,26892401,"core","n_per_moon=180;interaction_state=signal;q_categorical_noise=0;moon_noise_sd=0.08;categorical_contamination=0.2",""
807,"categorical_contamination",4,7,26892501,"core","n_per_moon=180;interaction_state=signal;q_categorical_noise=0;moon_noise_sd=0.08;categorical_contamination=0.2",""
808,"categorical_contamination",4,8,26892601,"core","n_per_moon=180;interaction_state=signal;q_categorical_noise=0;moon_noise_sd=0.08;categorical_contamination=0.2",""
809,"categorical_contamination",4,9,26892701,"core","n_per_moon=180;interaction_state=signal;q_categorical_noise=0;moon_noise_sd=0.08;categorical_contamination=0.2",""
810,"categorical_contamination",4,10,26892801,"core","n_per_moon=180;interaction_state=signal;q_categorical_noise=0;moon_noise_sd=0.08;categorical_contamination=0.2",""
811,"categorical_contamination",4,11,26892901,"core","n_per_moon=180;interaction_state=signal;q_categorical_noise=0;moon_noise_sd=0.08;categorical_contamination=0.2",""
812,"categorical_contamination",4,12,26893001,"core","n_per_moon=180;interaction_state=signal;q_categorical_noise=0;moon_noise_sd=0.08;categorical_contamination=0.2",""
813,"categorical_contamination",4,13,26893101,"core","n_per_moon=180;interaction_state=signal;q_categorical_noise=0;moon_noise_sd=0.08;categorical_contamination=0.2",""
814,"categorical_contamination",4,14,26893201,"core","n_per_moon=180;interaction_state=signal;q_categorical_noise=0;moon_noise_sd=0.08;categorical_contamination=0.2",""
815,"categorical_contamination",4,15,26893301,"core","n_per_moon=180;interaction_state=signal;q_categorical_noise=0;moon_noise_sd=0.08;categorical_contamination=0.2",""
816,"categorical_contamination",4,16,26893401,"core","n_per_moon=180;interaction_state=signal;q_categorical_noise=0;moon_noise_sd=0.08;categorical_contamination=0.2",""
817,"categorical_contamination",4,17,26893501,"core","n_per_moon=180;interaction_state=signal;q_categorical_noise=0;moon_noise_sd=0.08;categorical_contamination=0.2",""
818,"categorical_contamination",4,18,26893601,"core","n_per_moon=180;interaction_state=signal;q_categorical_noise=0;moon_noise_sd=0.08;categorical_contamination=0.2",""
819,"categorical_contamination",4,19,26893701,"core","n_per_moon=180;interaction_state=signal;q_categorical_noise=0;moon_noise_sd=0.08;categorical_contamination=0.2",""
820,"categorical_contamination",4,20,26893801,"core","n_per_moon=180;interaction_state=signal;q_categorical_noise=0;moon_noise_sd=0.08;categorical_contamination=0.2",""
821,"categorical_contamination",4,21,26893901,"core","n_per_moon=180;interaction_state=signal;q_categorical_noise=0;moon_noise_sd=0.08;categorical_contamination=0.2",""
822,"categorical_contamination",4,22,26894001,"core","n_per_moon=180;interaction_state=signal;q_categorical_noise=0;moon_noise_sd=0.08;categorical_contamination=0.2",""
823,"categorical_contamination",4,23,26894101,"core","n_per_moon=180;interaction_state=signal;q_categorical_noise=0;moon_noise_sd=0.08;categorical_contamination=0.2",""
824,"categorical_contamination",4,24,26894201,"core","n_per_moon=180;interaction_state=signal;q_categorical_noise=0;moon_noise_sd=0.08;categorical_contamination=0.2",""
825,"categorical_contamination",4,25,26894301,"core","n_per_moon=180;interaction_state=signal;q_categorical_noise=0;moon_noise_sd=0.08;categorical_contamination=0.2",""
826,"categorical_contamination",4,26,26894401,"core","n_per_moon=180;interaction_state=signal;q_categorical_noise=0;moon_noise_sd=0.08;categorical_contamination=0.2",""
827,"categorical_contamination",4,27,26894501,"core","n_per_moon=180;interaction_state=signal;q_categorical_noise=0;moon_noise_sd=0.08;categorical_contamination=0.2",""
828,"categorical_contamination",4,28,26894601,"core","n_per_moon=180;interaction_state=signal;q_categorical_noise=0;moon_noise_sd=0.08;categorical_contamination=0.2",""
829,"categorical_contamination",4,29,26894701,"core","n_per_moon=180;interaction_state=signal;q_categorical_noise=0;moon_noise_sd=0.08;categorical_contamination=0.2",""
830,"categorical_contamination",4,30,26894801,"core","n_per_moon=180;interaction_state=signal;q_categorical_noise=0;moon_noise_sd=0.08;categorical_contamination=0.2",""
831,"categorical_contamination",4,31,26894901,"core","n_per_moon=180;interaction_state=signal;q_categorical_noise=0;moon_noise_sd=0.08;categorical_contamination=0.2",""
832,"categorical_contamination",4,32,26895001,"core","n_per_moon=180;interaction_state=signal;q_categorical_noise=0;moon_noise_sd=0.08;categorical_contamination=0.2",""
833,"categorical_contamination",4,33,26895101,"core","n_per_moon=180;interaction_state=signal;q_categorical_noise=0;moon_noise_sd=0.08;categorical_contamination=0.2",""
834,"categorical_contamination",4,34,26895201,"core","n_per_moon=180;interaction_state=signal;q_categorical_noise=0;moon_noise_sd=0.08;categorical_contamination=0.2",""
835,"categorical_contamination",4,35,26895301,"core","n_per_moon=180;interaction_state=signal;q_categorical_noise=0;moon_noise_sd=0.08;categorical_contamination=0.2",""
836,"categorical_contamination",4,36,26895401,"core","n_per_moon=180;interaction_state=signal;q_categorical_noise=0;moon_noise_sd=0.08;categorical_contamination=0.2",""
837,"categorical_contamination",4,37,26895501,"core","n_per_moon=180;interaction_state=signal;q_categorical_noise=0;moon_noise_sd=0.08;categorical_contamination=0.2",""
838,"categorical_contamination",4,38,26895601,"core","n_per_moon=180;interaction_state=signal;q_categorical_noise=0;moon_noise_sd=0.08;categorical_contamination=0.2",""
839,"categorical_contamination",4,39,26895701,"core","n_per_moon=180;interaction_state=signal;q_categorical_noise=0;moon_noise_sd=0.08;categorical_contamination=0.2",""
840,"categorical_contamination",4,40,26895801,"core","n_per_moon=180;interaction_state=signal;q_categorical_noise=0;moon_noise_sd=0.08;categorical_contamination=0.2",""
841,"categorical_contamination",4,41,26895901,"core","n_per_moon=180;interaction_state=signal;q_categorical_noise=0;moon_noise_sd=0.08;categorical_contamination=0.2",""
842,"categorical_contamination",4,42,26896001,"core","n_per_moon=180;interaction_state=signal;q_categorical_noise=0;moon_noise_sd=0.08;categorical_contamination=0.2",""
843,"categorical_contamination",4,43,26896101,"core","n_per_moon=180;interaction_state=signal;q_categorical_noise=0;moon_noise_sd=0.08;categorical_contamination=0.2",""
844,"categorical_contamination",4,44,26896201,"core","n_per_moon=180;interaction_state=signal;q_categorical_noise=0;moon_noise_sd=0.08;categorical_contamination=0.2",""
845,"categorical_contamination",4,45,26896301,"core","n_per_moon=180;interaction_state=signal;q_categorical_noise=0;moon_noise_sd=0.08;categorical_contamination=0.2",""
846,"categorical_contamination",4,46,26896401,"core","n_per_moon=180;interaction_state=signal;q_categorical_noise=0;moon_noise_sd=0.08;categorical_contamination=0.2",""
847,"categorical_contamination",4,47,26896501,"core","n_per_moon=180;interaction_state=signal;q_categorical_noise=0;moon_noise_sd=0.08;categorical_contamination=0.2",""
848,"categorical_contamination",4,48,26896601,"core","n_per_moon=180;interaction_state=signal;q_categorical_noise=0;moon_noise_sd=0.08;categorical_contamination=0.2",""
849,"categorical_contamination",4,49,26896701,"core","n_per_moon=180;interaction_state=signal;q_categorical_noise=0;moon_noise_sd=0.08;categorical_contamination=0.2",""
850,"categorical_contamination",4,50,26896801,"core","n_per_moon=180;interaction_state=signal;q_categorical_noise=0;moon_noise_sd=0.08;categorical_contamination=0.2",""
851,"pi_nn_sensitivity",1,1,26991901,"sensitivity","n_per_moon=180;categorical_contamination=0;q_categorical_noise=0;moon_noise_sd=0.08;interaction_state=signal","prop_nn=0.02|prop_nn=0.05|prop_nn=0.1|prop_nn=0.2"
852,"pi_nn_sensitivity",1,2,26992001,"sensitivity","n_per_moon=180;categorical_contamination=0;q_categorical_noise=0;moon_noise_sd=0.08;interaction_state=signal","prop_nn=0.02|prop_nn=0.05|prop_nn=0.1|prop_nn=0.2"
853,"pi_nn_sensitivity",1,3,26992101,"sensitivity","n_per_moon=180;categorical_contamination=0;q_categorical_noise=0;moon_noise_sd=0.08;interaction_state=signal","prop_nn=0.02|prop_nn=0.05|prop_nn=0.1|prop_nn=0.2"
854,"pi_nn_sensitivity",1,4,26992201,"sensitivity","n_per_moon=180;categorical_contamination=0;q_categorical_noise=0;moon_noise_sd=0.08;interaction_state=signal","prop_nn=0.02|prop_nn=0.05|prop_nn=0.1|prop_nn=0.2"
855,"pi_nn_sensitivity",1,5,26992301,"sensitivity","n_per_moon=180;categorical_contamination=0;q_categorical_noise=0;moon_noise_sd=0.08;interaction_state=signal","prop_nn=0.02|prop_nn=0.05|prop_nn=0.1|prop_nn=0.2"
856,"pi_nn_sensitivity",1,6,26992401,"sensitivity","n_per_moon=180;categorical_contamination=0;q_categorical_noise=0;moon_noise_sd=0.08;interaction_state=signal","prop_nn=0.02|prop_nn=0.05|prop_nn=0.1|prop_nn=0.2"
857,"pi_nn_sensitivity",1,7,26992501,"sensitivity","n_per_moon=180;categorical_contamination=0;q_categorical_noise=0;moon_noise_sd=0.08;interaction_state=signal","prop_nn=0.02|prop_nn=0.05|prop_nn=0.1|prop_nn=0.2"
858,"pi_nn_sensitivity",1,8,26992601,"sensitivity","n_per_moon=180;categorical_contamination=0;q_categorical_noise=0;moon_noise_sd=0.08;interaction_state=signal","prop_nn=0.02|prop_nn=0.05|prop_nn=0.1|prop_nn=0.2"
859,"pi_nn_sensitivity",1,9,26992701,"sensitivity","n_per_moon=180;categorical_contamination=0;q_categorical_noise=0;moon_noise_sd=0.08;interaction_state=signal","prop_nn=0.02|prop_nn=0.05|prop_nn=0.1|prop_nn=0.2"
860,"pi_nn_sensitivity",1,10,26992801,"sensitivity","n_per_moon=180;categorical_contamination=0;q_categorical_noise=0;moon_noise_sd=0.08;interaction_state=signal","prop_nn=0.02|prop_nn=0.05|prop_nn=0.1|prop_nn=0.2"
861,"pi_nn_sensitivity",1,11,26992901,"sensitivity","n_per_moon=180;categorical_contamination=0;q_categorical_noise=0;moon_noise_sd=0.08;interaction_state=signal","prop_nn=0.02|prop_nn=0.05|prop_nn=0.1|prop_nn=0.2"
862,"pi_nn_sensitivity",1,12,26993001,"sensitivity","n_per_moon=180;categorical_contamination=0;q_categorical_noise=0;moon_noise_sd=0.08;interaction_state=signal","prop_nn=0.02|prop_nn=0.05|prop_nn=0.1|prop_nn=0.2"
863,"pi_nn_sensitivity",1,13,26993101,"sensitivity","n_per_moon=180;categorical_contamination=0;q_categorical_noise=0;moon_noise_sd=0.08;interaction_state=signal","prop_nn=0.02|prop_nn=0.05|prop_nn=0.1|prop_nn=0.2"
864,"pi_nn_sensitivity",1,14,26993201,"sensitivity","n_per_moon=180;categorical_contamination=0;q_categorical_noise=0;moon_noise_sd=0.08;interaction_state=signal","prop_nn=0.02|prop_nn=0.05|prop_nn=0.1|prop_nn=0.2"
865,"pi_nn_sensitivity",1,15,26993301,"sensitivity","n_per_moon=180;categorical_contamination=0;q_categorical_noise=0;moon_noise_sd=0.08;interaction_state=signal","prop_nn=0.02|prop_nn=0.05|prop_nn=0.1|prop_nn=0.2"
866,"pi_nn_sensitivity",1,16,26993401,"sensitivity","n_per_moon=180;categorical_contamination=0;q_categorical_noise=0;moon_noise_sd=0.08;interaction_state=signal","prop_nn=0.02|prop_nn=0.05|prop_nn=0.1|prop_nn=0.2"
867,"pi_nn_sensitivity",1,17,26993501,"sensitivity","n_per_moon=180;categorical_contamination=0;q_categorical_noise=0;moon_noise_sd=0.08;interaction_state=signal","prop_nn=0.02|prop_nn=0.05|prop_nn=0.1|prop_nn=0.2"
868,"pi_nn_sensitivity",1,18,26993601,"sensitivity","n_per_moon=180;categorical_contamination=0;q_categorical_noise=0;moon_noise_sd=0.08;interaction_state=signal","prop_nn=0.02|prop_nn=0.05|prop_nn=0.1|prop_nn=0.2"
869,"pi_nn_sensitivity",1,19,26993701,"sensitivity","n_per_moon=180;categorical_contamination=0;q_categorical_noise=0;moon_noise_sd=0.08;interaction_state=signal","prop_nn=0.02|prop_nn=0.05|prop_nn=0.1|prop_nn=0.2"
870,"pi_nn_sensitivity",1,20,26993801,"sensitivity","n_per_moon=180;categorical_contamination=0;q_categorical_noise=0;moon_noise_sd=0.08;interaction_state=signal","prop_nn=0.02|prop_nn=0.05|prop_nn=0.1|prop_nn=0.2"
871,"pi_nn_sensitivity",1,21,26993901,"sensitivity","n_per_moon=180;categorical_contamination=0;q_categorical_noise=0;moon_noise_sd=0.08;interaction_state=signal","prop_nn=0.02|prop_nn=0.05|prop_nn=0.1|prop_nn=0.2"
872,"pi_nn_sensitivity",1,22,26994001,"sensitivity","n_per_moon=180;categorical_contamination=0;q_categorical_noise=0;moon_noise_sd=0.08;interaction_state=signal","prop_nn=0.02|prop_nn=0.05|prop_nn=0.1|prop_nn=0.2"
873,"pi_nn_sensitivity",1,23,26994101,"sensitivity","n_per_moon=180;categorical_contamination=0;q_categorical_noise=0;moon_noise_sd=0.08;interaction_state=signal","prop_nn=0.02|prop_nn=0.05|prop_nn=0.1|prop_nn=0.2"
874,"pi_nn_sensitivity",1,24,26994201,"sensitivity","n_per_moon=180;categorical_contamination=0;q_categorical_noise=0;moon_noise_sd=0.08;interaction_state=signal","prop_nn=0.02|prop_nn=0.05|prop_nn=0.1|prop_nn=0.2"
875,"pi_nn_sensitivity",1,25,26994301,"sensitivity","n_per_moon=180;categorical_contamination=0;q_categorical_noise=0;moon_noise_sd=0.08;interaction_state=signal","prop_nn=0.02|prop_nn=0.05|prop_nn=0.1|prop_nn=0.2"
876,"pi_nn_sensitivity",1,26,26994401,"sensitivity","n_per_moon=180;categorical_contamination=0;q_categorical_noise=0;moon_noise_sd=0.08;interaction_state=signal","prop_nn=0.02|prop_nn=0.05|prop_nn=0.1|prop_nn=0.2"
877,"pi_nn_sensitivity",1,27,26994501,"sensitivity","n_per_moon=180;categorical_contamination=0;q_categorical_noise=0;moon_noise_sd=0.08;interaction_state=signal","prop_nn=0.02|prop_nn=0.05|prop_nn=0.1|prop_nn=0.2"
878,"pi_nn_sensitivity",1,28,26994601,"sensitivity","n_per_moon=180;categorical_contamination=0;q_categorical_noise=0;moon_noise_sd=0.08;interaction_state=signal","prop_nn=0.02|prop_nn=0.05|prop_nn=0.1|prop_nn=0.2"
879,"pi_nn_sensitivity",1,29,26994701,"sensitivity","n_per_moon=180;categorical_contamination=0;q_categorical_noise=0;moon_noise_sd=0.08;interaction_state=signal","prop_nn=0.02|prop_nn=0.05|prop_nn=0.1|prop_nn=0.2"
880,"pi_nn_sensitivity",1,30,26994801,"sensitivity","n_per_moon=180;categorical_contamination=0;q_categorical_noise=0;moon_noise_sd=0.08;interaction_state=signal","prop_nn=0.02|prop_nn=0.05|prop_nn=0.1|prop_nn=0.2"
881,"pi_nn_sensitivity",1,31,26994901,"sensitivity","n_per_moon=180;categorical_contamination=0;q_categorical_noise=0;moon_noise_sd=0.08;interaction_state=signal","prop_nn=0.02|prop_nn=0.05|prop_nn=0.1|prop_nn=0.2"
882,"pi_nn_sensitivity",1,32,26995001,"sensitivity","n_per_moon=180;categorical_contamination=0;q_categorical_noise=0;moon_noise_sd=0.08;interaction_state=signal","prop_nn=0.02|prop_nn=0.05|prop_nn=0.1|prop_nn=0.2"
883,"pi_nn_sensitivity",1,33,26995101,"sensitivity","n_per_moon=180;categorical_contamination=0;q_categorical_noise=0;moon_noise_sd=0.08;interaction_state=signal","prop_nn=0.02|prop_nn=0.05|prop_nn=0.1|prop_nn=0.2"
884,"pi_nn_sensitivity",1,34,26995201,"sensitivity","n_per_moon=180;categorical_contamination=0;q_categorical_noise=0;moon_noise_sd=0.08;interaction_state=signal","prop_nn=0.02|prop_nn=0.05|prop_nn=0.1|prop_nn=0.2"
885,"pi_nn_sensitivity",1,35,26995301,"sensitivity","n_per_moon=180;categorical_contamination=0;q_categorical_noise=0;moon_noise_sd=0.08;interaction_state=signal","prop_nn=0.02|prop_nn=0.05|prop_nn=0.1|prop_nn=0.2"
886,"pi_nn_sensitivity",1,36,26995401,"sensitivity","n_per_moon=180;categorical_contamination=0;q_categorical_noise=0;moon_noise_sd=0.08;interaction_state=signal","prop_nn=0.02|prop_nn=0.05|prop_nn=0.1|prop_nn=0.2"
887,"pi_nn_sensitivity",1,37,26995501,"sensitivity","n_per_moon=180;categorical_contamination=0;q_categorical_noise=0;moon_noise_sd=0.08;interaction_state=signal","prop_nn=0.02|prop_nn=0.05|prop_nn=0.1|prop_nn=0.2"
888,"pi_nn_sensitivity",1,38,26995601,"sensitivity","n_per_moon=180;categorical_contamination=0;q_categorical_noise=0;moon_noise_sd=0.08;interaction_state=signal","prop_nn=0.02|prop_nn=0.05|prop_nn=0.1|prop_nn=0.2"
889,"pi_nn_sensitivity",1,39,26995701,"sensitivity","n_per_moon=180;categorical_contamination=0;q_categorical_noise=0;moon_noise_sd=0.08;interaction_state=signal","prop_nn=0.02|prop_nn=0.05|prop_nn=0.1|prop_nn=0.2"
890,"pi_nn_sensitivity",1,40,26995801,"sensitivity","n_per_moon=180;categorical_contamination=0;q_categorical_noise=0;moon_noise_sd=0.08;interaction_state=signal","prop_nn=0.02|prop_nn=0.05|prop_nn=0.1|prop_nn=0.2"
891,"pi_nn_sensitivity",1,41,26995901,"sensitivity","n_per_moon=180;categorical_contamination=0;q_categorical_noise=0;moon_noise_sd=0.08;interaction_state=signal","prop_nn=0.02|prop_nn=0.05|prop_nn=0.1|prop_nn=0.2"
892,"pi_nn_sensitivity",1,42,26996001,"sensitivity","n_per_moon=180;categorical_contamination=0;q_categorical_noise=0;moon_noise_sd=0.08;interaction_state=signal","prop_nn=0.02|prop_nn=0.05|prop_nn=0.1|prop_nn=0.2"
893,"pi_nn_sensitivity",1,43,26996101,"sensitivity","n_per_moon=180;categorical_contamination=0;q_categorical_noise=0;moon_noise_sd=0.08;interaction_state=signal","prop_nn=0.02|prop_nn=0.05|prop_nn=0.1|prop_nn=0.2"
894,"pi_nn_sensitivity",1,44,26996201,"sensitivity","n_per_moon=180;categorical_contamination=0;q_categorical_noise=0;moon_noise_sd=0.08;interaction_state=signal","prop_nn=0.02|prop_nn=0.05|prop_nn=0.1|prop_nn=0.2"
895,"pi_nn_sensitivity",1,45,26996301,"sensitivity","n_per_moon=180;categorical_contamination=0;q_categorical_noise=0;moon_noise_sd=0.08;interaction_state=signal","prop_nn=0.02|prop_nn=0.05|prop_nn=0.1|prop_nn=0.2"
896,"pi_nn_sensitivity",1,46,26996401,"sensitivity","n_per_moon=180;categorical_contamination=0;q_categorical_noise=0;moon_noise_sd=0.08;interaction_state=signal","prop_nn=0.02|prop_nn=0.05|prop_nn=0.1|prop_nn=0.2"
897,"pi_nn_sensitivity",1,47,26996501,"sensitivity","n_per_moon=180;categorical_contamination=0;q_categorical_noise=0;moon_noise_sd=0.08;interaction_state=signal","prop_nn=0.02|prop_nn=0.05|prop_nn=0.1|prop_nn=0.2"
898,"pi_nn_sensitivity",1,48,26996601,"sensitivity","n_per_moon=180;categorical_contamination=0;q_categorical_noise=0;moon_noise_sd=0.08;interaction_state=signal","prop_nn=0.02|prop_nn=0.05|prop_nn=0.1|prop_nn=0.2"
899,"pi_nn_sensitivity",1,49,26996701,"sensitivity","n_per_moon=180;categorical_contamination=0;q_categorical_noise=0;moon_noise_sd=0.08;interaction_state=signal","prop_nn=0.02|prop_nn=0.05|prop_nn=0.1|prop_nn=0.2"
900,"pi_nn_sensitivity",1,50,26996801,"sensitivity","n_per_moon=180;categorical_contamination=0;q_categorical_noise=0;moon_noise_sd=0.08;interaction_state=signal","prop_nn=0.02|prop_nn=0.05|prop_nn=0.1|prop_nn=0.2"
901,"pi_nn_sensitivity",2,1,26991901,"sensitivity","n_per_moon=180;categorical_contamination=0;q_categorical_noise=0;moon_noise_sd=0.08;interaction_state=null","prop_nn=0.02|prop_nn=0.05|prop_nn=0.1|prop_nn=0.2"
902,"pi_nn_sensitivity",2,2,26992001,"sensitivity","n_per_moon=180;categorical_contamination=0;q_categorical_noise=0;moon_noise_sd=0.08;interaction_state=null","prop_nn=0.02|prop_nn=0.05|prop_nn=0.1|prop_nn=0.2"
903,"pi_nn_sensitivity",2,3,26992101,"sensitivity","n_per_moon=180;categorical_contamination=0;q_categorical_noise=0;moon_noise_sd=0.08;interaction_state=null","prop_nn=0.02|prop_nn=0.05|prop_nn=0.1|prop_nn=0.2"
904,"pi_nn_sensitivity",2,4,26992201,"sensitivity","n_per_moon=180;categorical_contamination=0;q_categorical_noise=0;moon_noise_sd=0.08;interaction_state=null","prop_nn=0.02|prop_nn=0.05|prop_nn=0.1|prop_nn=0.2"
905,"pi_nn_sensitivity",2,5,26992301,"sensitivity","n_per_moon=180;categorical_contamination=0;q_categorical_noise=0;moon_noise_sd=0.08;interaction_state=null","prop_nn=0.02|prop_nn=0.05|prop_nn=0.1|prop_nn=0.2"
906,"pi_nn_sensitivity",2,6,26992401,"sensitivity","n_per_moon=180;categorical_contamination=0;q_categorical_noise=0;moon_noise_sd=0.08;interaction_state=null","prop_nn=0.02|prop_nn=0.05|prop_nn=0.1|prop_nn=0.2"
907,"pi_nn_sensitivity",2,7,26992501,"sensitivity","n_per_moon=180;categorical_contamination=0;q_categorical_noise=0;moon_noise_sd=0.08;interaction_state=null","prop_nn=0.02|prop_nn=0.05|prop_nn=0.1|prop_nn=0.2"
908,"pi_nn_sensitivity",2,8,26992601,"sensitivity","n_per_moon=180;categorical_contamination=0;q_categorical_noise=0;moon_noise_sd=0.08;interaction_state=null","prop_nn=0.02|prop_nn=0.05|prop_nn=0.1|prop_nn=0.2"
909,"pi_nn_sensitivity",2,9,26992701,"sensitivity","n_per_moon=180;categorical_contamination=0;q_categorical_noise=0;moon_noise_sd=0.08;interaction_state=null","prop_nn=0.02|prop_nn=0.05|prop_nn=0.1|prop_nn=0.2"
910,"pi_nn_sensitivity",2,10,26992801,"sensitivity","n_per_moon=180;categorical_contamination=0;q_categorical_noise=0;moon_noise_sd=0.08;interaction_state=null","prop_nn=0.02|prop_nn=0.05|prop_nn=0.1|prop_nn=0.2"
911,"pi_nn_sensitivity",2,11,26992901,"sensitivity","n_per_moon=180;categorical_contamination=0;q_categorical_noise=0;moon_noise_sd=0.08;interaction_state=null","prop_nn=0.02|prop_nn=0.05|prop_nn=0.1|prop_nn=0.2"
912,"pi_nn_sensitivity",2,12,26993001,"sensitivity","n_per_moon=180;categorical_contamination=0;q_categorical_noise=0;moon_noise_sd=0.08;interaction_state=null","prop_nn=0.02|prop_nn=0.05|prop_nn=0.1|prop_nn=0.2"
913,"pi_nn_sensitivity",2,13,26993101,"sensitivity","n_per_moon=180;categorical_contamination=0;q_categorical_noise=0;moon_noise_sd=0.08;interaction_state=null","prop_nn=0.02|prop_nn=0.05|prop_nn=0.1|prop_nn=0.2"
914,"pi_nn_sensitivity",2,14,26993201,"sensitivity","n_per_moon=180;categorical_contamination=0;q_categorical_noise=0;moon_noise_sd=0.08;interaction_state=null","prop_nn=0.02|prop_nn=0.05|prop_nn=0.1|prop_nn=0.2"
915,"pi_nn_sensitivity",2,15,26993301,"sensitivity","n_per_moon=180;categorical_contamination=0;q_categorical_noise=0;moon_noise_sd=0.08;interaction_state=null","prop_nn=0.02|prop_nn=0.05|prop_nn=0.1|prop_nn=0.2"
916,"pi_nn_sensitivity",2,16,26993401,"sensitivity","n_per_moon=180;categorical_contamination=0;q_categorical_noise=0;moon_noise_sd=0.08;interaction_state=null","prop_nn=0.02|prop_nn=0.05|prop_nn=0.1|prop_nn=0.2"
917,"pi_nn_sensitivity",2,17,26993501,"sensitivity","n_per_moon=180;categorical_contamination=0;q_categorical_noise=0;moon_noise_sd=0.08;interaction_state=null","prop_nn=0.02|prop_nn=0.05|prop_nn=0.1|prop_nn=0.2"
918,"pi_nn_sensitivity",2,18,26993601,"sensitivity","n_per_moon=180;categorical_contamination=0;q_categorical_noise=0;moon_noise_sd=0.08;interaction_state=null","prop_nn=0.02|prop_nn=0.05|prop_nn=0.1|prop_nn=0.2"
919,"pi_nn_sensitivity",2,19,26993701,"sensitivity","n_per_moon=180;categorical_contamination=0;q_categorical_noise=0;moon_noise_sd=0.08;interaction_state=null","prop_nn=0.02|prop_nn=0.05|prop_nn=0.1|prop_nn=0.2"
920,"pi_nn_sensitivity",2,20,26993801,"sensitivity","n_per_moon=180;categorical_contamination=0;q_categorical_noise=0;moon_noise_sd=0.08;interaction_state=null","prop_nn=0.02|prop_nn=0.05|prop_nn=0.1|prop_nn=0.2"
921,"pi_nn_sensitivity",2,21,26993901,"sensitivity","n_per_moon=180;categorical_contamination=0;q_categorical_noise=0;moon_noise_sd=0.08;interaction_state=null","prop_nn=0.02|prop_nn=0.05|prop_nn=0.1|prop_nn=0.2"
922,"pi_nn_sensitivity",2,22,26994001,"sensitivity","n_per_moon=180;categorical_contamination=0;q_categorical_noise=0;moon_noise_sd=0.08;interaction_state=null","prop_nn=0.02|prop_nn=0.05|prop_nn=0.1|prop_nn=0.2"
923,"pi_nn_sensitivity",2,23,26994101,"sensitivity","n_per_moon=180;categorical_contamination=0;q_categorical_noise=0;moon_noise_sd=0.08;interaction_state=null","prop_nn=0.02|prop_nn=0.05|prop_nn=0.1|prop_nn=0.2"
924,"pi_nn_sensitivity",2,24,26994201,"sensitivity","n_per_moon=180;categorical_contamination=0;q_categorical_noise=0;moon_noise_sd=0.08;interaction_state=null","prop_nn=0.02|prop_nn=0.05|prop_nn=0.1|prop_nn=0.2"
925,"pi_nn_sensitivity",2,25,26994301,"sensitivity","n_per_moon=180;categorical_contamination=0;q_categorical_noise=0;moon_noise_sd=0.08;interaction_state=null","prop_nn=0.02|prop_nn=0.05|prop_nn=0.1|prop_nn=0.2"
926,"pi_nn_sensitivity",2,26,26994401,"sensitivity","n_per_moon=180;categorical_contamination=0;q_categorical_noise=0;moon_noise_sd=0.08;interaction_state=null","prop_nn=0.02|prop_nn=0.05|prop_nn=0.1|prop_nn=0.2"
927,"pi_nn_sensitivity",2,27,26994501,"sensitivity","n_per_moon=180;categorical_contamination=0;q_categorical_noise=0;moon_noise_sd=0.08;interaction_state=null","prop_nn=0.02|prop_nn=0.05|prop_nn=0.1|prop_nn=0.2"
928,"pi_nn_sensitivity",2,28,26994601,"sensitivity","n_per_moon=180;categorical_contamination=0;q_categorical_noise=0;moon_noise_sd=0.08;interaction_state=null","prop_nn=0.02|prop_nn=0.05|prop_nn=0.1|prop_nn=0.2"
929,"pi_nn_sensitivity",2,29,26994701,"sensitivity","n_per_moon=180;categorical_contamination=0;q_categorical_noise=0;moon_noise_sd=0.08;interaction_state=null","prop_nn=0.02|prop_nn=0.05|prop_nn=0.1|prop_nn=0.2"
930,"pi_nn_sensitivity",2,30,26994801,"sensitivity","n_per_moon=180;categorical_contamination=0;q_categorical_noise=0;moon_noise_sd=0.08;interaction_state=null","prop_nn=0.02|prop_nn=0.05|prop_nn=0.1|prop_nn=0.2"
931,"pi_nn_sensitivity",2,31,26994901,"sensitivity","n_per_moon=180;categorical_contamination=0;q_categorical_noise=0;moon_noise_sd=0.08;interaction_state=null","prop_nn=0.02|prop_nn=0.05|prop_nn=0.1|prop_nn=0.2"
932,"pi_nn_sensitivity",2,32,26995001,"sensitivity","n_per_moon=180;categorical_contamination=0;q_categorical_noise=0;moon_noise_sd=0.08;interaction_state=null","prop_nn=0.02|prop_nn=0.05|prop_nn=0.1|prop_nn=0.2"
933,"pi_nn_sensitivity",2,33,26995101,"sensitivity","n_per_moon=180;categorical_contamination=0;q_categorical_noise=0;moon_noise_sd=0.08;interaction_state=null","prop_nn=0.02|prop_nn=0.05|prop_nn=0.1|prop_nn=0.2"
934,"pi_nn_sensitivity",2,34,26995201,"sensitivity","n_per_moon=180;categorical_contamination=0;q_categorical_noise=0;moon_noise_sd=0.08;interaction_state=null","prop_nn=0.02|prop_nn=0.05|prop_nn=0.1|prop_nn=0.2"
935,"pi_nn_sensitivity",2,35,26995301,"sensitivity","n_per_moon=180;categorical_contamination=0;q_categorical_noise=0;moon_noise_sd=0.08;interaction_state=null","prop_nn=0.02|prop_nn=0.05|prop_nn=0.1|prop_nn=0.2"
936,"pi_nn_sensitivity",2,36,26995401,"sensitivity","n_per_moon=180;categorical_contamination=0;q_categorical_noise=0;moon_noise_sd=0.08;interaction_state=null","prop_nn=0.02|prop_nn=0.05|prop_nn=0.1|prop_nn=0.2"
937,"pi_nn_sensitivity",2,37,26995501,"sensitivity","n_per_moon=180;categorical_contamination=0;q_categorical_noise=0;moon_noise_sd=0.08;interaction_state=null","prop_nn=0.02|prop_nn=0.05|prop_nn=0.1|prop_nn=0.2"
938,"pi_nn_sensitivity",2,38,26995601,"sensitivity","n_per_moon=180;categorical_contamination=0;q_categorical_noise=0;moon_noise_sd=0.08;interaction_state=null","prop_nn=0.02|prop_nn=0.05|prop_nn=0.1|prop_nn=0.2"
939,"pi_nn_sensitivity",2,39,26995701,"sensitivity","n_per_moon=180;categorical_contamination=0;q_categorical_noise=0;moon_noise_sd=0.08;interaction_state=null","prop_nn=0.02|prop_nn=0.05|prop_nn=0.1|prop_nn=0.2"
940,"pi_nn_sensitivity",2,40,26995801,"sensitivity","n_per_moon=180;categorical_contamination=0;q_categorical_noise=0;moon_noise_sd=0.08;interaction_state=null","prop_nn=0.02|prop_nn=0.05|prop_nn=0.1|prop_nn=0.2"
941,"pi_nn_sensitivity",2,41,26995901,"sensitivity","n_per_moon=180;categorical_contamination=0;q_categorical_noise=0;moon_noise_sd=0.08;interaction_state=null","prop_nn=0.02|prop_nn=0.05|prop_nn=0.1|prop_nn=0.2"
942,"pi_nn_sensitivity",2,42,26996001,"sensitivity","n_per_moon=180;categorical_contamination=0;q_categorical_noise=0;moon_noise_sd=0.08;interaction_state=null","prop_nn=0.02|prop_nn=0.05|prop_nn=0.1|prop_nn=0.2"
943,"pi_nn_sensitivity",2,43,26996101,"sensitivity","n_per_moon=180;categorical_contamination=0;q_categorical_noise=0;moon_noise_sd=0.08;interaction_state=null","prop_nn=0.02|prop_nn=0.05|prop_nn=0.1|prop_nn=0.2"
944,"pi_nn_sensitivity",2,44,26996201,"sensitivity","n_per_moon=180;categorical_contamination=0;q_categorical_noise=0;moon_noise_sd=0.08;interaction_state=null","prop_nn=0.02|prop_nn=0.05|prop_nn=0.1|prop_nn=0.2"
945,"pi_nn_sensitivity",2,45,26996301,"sensitivity","n_per_moon=180;categorical_contamination=0;q_categorical_noise=0;moon_noise_sd=0.08;interaction_state=null","prop_nn=0.02|prop_nn=0.05|prop_nn=0.1|prop_nn=0.2"
946,"pi_nn_sensitivity",2,46,26996401,"sensitivity","n_per_moon=180;categorical_contamination=0;q_categorical_noise=0;moon_noise_sd=0.08;interaction_state=null","prop_nn=0.02|prop_nn=0.05|prop_nn=0.1|prop_nn=0.2"
947,"pi_nn_sensitivity",2,47,26996501,"sensitivity","n_per_moon=180;categorical_contamination=0;q_categorical_noise=0;moon_noise_sd=0.08;interaction_state=null","prop_nn=0.02|prop_nn=0.05|prop_nn=0.1|prop_nn=0.2"
948,"pi_nn_sensitivity",2,48,26996601,"sensitivity","n_per_moon=180;categorical_contamination=0;q_categorical_noise=0;moon_noise_sd=0.08;interaction_state=null","prop_nn=0.02|prop_nn=0.05|prop_nn=0.1|prop_nn=0.2"
949,"pi_nn_sensitivity",2,49,26996701,"sensitivity","n_per_moon=180;categorical_contamination=0;q_categorical_noise=0;moon_noise_sd=0.08;interaction_state=null","prop_nn=0.02|prop_nn=0.05|prop_nn=0.1|prop_nn=0.2"
950,"pi_nn_sensitivity",2,50,26996801,"sensitivity","n_per_moon=180;categorical_contamination=0;q_categorical_noise=0;moon_noise_sd=0.08;interaction_state=null","prop_nn=0.02|prop_nn=0.05|prop_nn=0.1|prop_nn=0.2"
951,"gamma_sensitivity",1,1,27091901,"sensitivity","n_per_moon=180;categorical_contamination=0;q_categorical_noise=0;moon_noise_sd=0.08;prop_nn=0.1;interaction_state=signal","gamma=0|gamma=0.25|gamma=0.5|gamma=0.75|gamma=1"
952,"gamma_sensitivity",1,2,27092001,"sensitivity","n_per_moon=180;categorical_contamination=0;q_categorical_noise=0;moon_noise_sd=0.08;prop_nn=0.1;interaction_state=signal","gamma=0|gamma=0.25|gamma=0.5|gamma=0.75|gamma=1"
953,"gamma_sensitivity",1,3,27092101,"sensitivity","n_per_moon=180;categorical_contamination=0;q_categorical_noise=0;moon_noise_sd=0.08;prop_nn=0.1;interaction_state=signal","gamma=0|gamma=0.25|gamma=0.5|gamma=0.75|gamma=1"
954,"gamma_sensitivity",1,4,27092201,"sensitivity","n_per_moon=180;categorical_contamination=0;q_categorical_noise=0;moon_noise_sd=0.08;prop_nn=0.1;interaction_state=signal","gamma=0|gamma=0.25|gamma=0.5|gamma=0.75|gamma=1"
955,"gamma_sensitivity",1,5,27092301,"sensitivity","n_per_moon=180;categorical_contamination=0;q_categorical_noise=0;moon_noise_sd=0.08;prop_nn=0.1;interaction_state=signal","gamma=0|gamma=0.25|gamma=0.5|gamma=0.75|gamma=1"
956,"gamma_sensitivity",1,6,27092401,"sensitivity","n_per_moon=180;categorical_contamination=0;q_categorical_noise=0;moon_noise_sd=0.08;prop_nn=0.1;interaction_state=signal","gamma=0|gamma=0.25|gamma=0.5|gamma=0.75|gamma=1"
957,"gamma_sensitivity",1,7,27092501,"sensitivity","n_per_moon=180;categorical_contamination=0;q_categorical_noise=0;moon_noise_sd=0.08;prop_nn=0.1;interaction_state=signal","gamma=0|gamma=0.25|gamma=0.5|gamma=0.75|gamma=1"
958,"gamma_sensitivity",1,8,27092601,"sensitivity","n_per_moon=180;categorical_contamination=0;q_categorical_noise=0;moon_noise_sd=0.08;prop_nn=0.1;interaction_state=signal","gamma=0|gamma=0.25|gamma=0.5|gamma=0.75|gamma=1"
959,"gamma_sensitivity",1,9,27092701,"sensitivity","n_per_moon=180;categorical_contamination=0;q_categorical_noise=0;moon_noise_sd=0.08;prop_nn=0.1;interaction_state=signal","gamma=0|gamma=0.25|gamma=0.5|gamma=0.75|gamma=1"
960,"gamma_sensitivity",1,10,27092801,"sensitivity","n_per_moon=180;categorical_contamination=0;q_categorical_noise=0;moon_noise_sd=0.08;prop_nn=0.1;interaction_state=signal","gamma=0|gamma=0.25|gamma=0.5|gamma=0.75|gamma=1"
961,"gamma_sensitivity",1,11,27092901,"sensitivity","n_per_moon=180;categorical_contamination=0;q_categorical_noise=0;moon_noise_sd=0.08;prop_nn=0.1;interaction_state=signal","gamma=0|gamma=0.25|gamma=0.5|gamma=0.75|gamma=1"
962,"gamma_sensitivity",1,12,27093001,"sensitivity","n_per_moon=180;categorical_contamination=0;q_categorical_noise=0;moon_noise_sd=0.08;prop_nn=0.1;interaction_state=signal","gamma=0|gamma=0.25|gamma=0.5|gamma=0.75|gamma=1"
963,"gamma_sensitivity",1,13,27093101,"sensitivity","n_per_moon=180;categorical_contamination=0;q_categorical_noise=0;moon_noise_sd=0.08;prop_nn=0.1;interaction_state=signal","gamma=0|gamma=0.25|gamma=0.5|gamma=0.75|gamma=1"
964,"gamma_sensitivity",1,14,27093201,"sensitivity","n_per_moon=180;categorical_contamination=0;q_categorical_noise=0;moon_noise_sd=0.08;prop_nn=0.1;interaction_state=signal","gamma=0|gamma=0.25|gamma=0.5|gamma=0.75|gamma=1"
965,"gamma_sensitivity",1,15,27093301,"sensitivity","n_per_moon=180;categorical_contamination=0;q_categorical_noise=0;moon_noise_sd=0.08;prop_nn=0.1;interaction_state=signal","gamma=0|gamma=0.25|gamma=0.5|gamma=0.75|gamma=1"
966,"gamma_sensitivity",1,16,27093401,"sensitivity","n_per_moon=180;categorical_contamination=0;q_categorical_noise=0;moon_noise_sd=0.08;prop_nn=0.1;interaction_state=signal","gamma=0|gamma=0.25|gamma=0.5|gamma=0.75|gamma=1"
967,"gamma_sensitivity",1,17,27093501,"sensitivity","n_per_moon=180;categorical_contamination=0;q_categorical_noise=0;moon_noise_sd=0.08;prop_nn=0.1;interaction_state=signal","gamma=0|gamma=0.25|gamma=0.5|gamma=0.75|gamma=1"
968,"gamma_sensitivity",1,18,27093601,"sensitivity","n_per_moon=180;categorical_contamination=0;q_categorical_noise=0;moon_noise_sd=0.08;prop_nn=0.1;interaction_state=signal","gamma=0|gamma=0.25|gamma=0.5|gamma=0.75|gamma=1"
969,"gamma_sensitivity",1,19,27093701,"sensitivity","n_per_moon=180;categorical_contamination=0;q_categorical_noise=0;moon_noise_sd=0.08;prop_nn=0.1;interaction_state=signal","gamma=0|gamma=0.25|gamma=0.5|gamma=0.75|gamma=1"
970,"gamma_sensitivity",1,20,27093801,"sensitivity","n_per_moon=180;categorical_contamination=0;q_categorical_noise=0;moon_noise_sd=0.08;prop_nn=0.1;interaction_state=signal","gamma=0|gamma=0.25|gamma=0.5|gamma=0.75|gamma=1"
971,"gamma_sensitivity",1,21,27093901,"sensitivity","n_per_moon=180;categorical_contamination=0;q_categorical_noise=0;moon_noise_sd=0.08;prop_nn=0.1;interaction_state=signal","gamma=0|gamma=0.25|gamma=0.5|gamma=0.75|gamma=1"
972,"gamma_sensitivity",1,22,27094001,"sensitivity","n_per_moon=180;categorical_contamination=0;q_categorical_noise=0;moon_noise_sd=0.08;prop_nn=0.1;interaction_state=signal","gamma=0|gamma=0.25|gamma=0.5|gamma=0.75|gamma=1"
973,"gamma_sensitivity",1,23,27094101,"sensitivity","n_per_moon=180;categorical_contamination=0;q_categorical_noise=0;moon_noise_sd=0.08;prop_nn=0.1;interaction_state=signal","gamma=0|gamma=0.25|gamma=0.5|gamma=0.75|gamma=1"
974,"gamma_sensitivity",1,24,27094201,"sensitivity","n_per_moon=180;categorical_contamination=0;q_categorical_noise=0;moon_noise_sd=0.08;prop_nn=0.1;interaction_state=signal","gamma=0|gamma=0.25|gamma=0.5|gamma=0.75|gamma=1"
975,"gamma_sensitivity",1,25,27094301,"sensitivity","n_per_moon=180;categorical_contamination=0;q_categorical_noise=0;moon_noise_sd=0.08;prop_nn=0.1;interaction_state=signal","gamma=0|gamma=0.25|gamma=0.5|gamma=0.75|gamma=1"
976,"gamma_sensitivity",1,26,27094401,"sensitivity","n_per_moon=180;categorical_contamination=0;q_categorical_noise=0;moon_noise_sd=0.08;prop_nn=0.1;interaction_state=signal","gamma=0|gamma=0.25|gamma=0.5|gamma=0.75|gamma=1"
977,"gamma_sensitivity",1,27,27094501,"sensitivity","n_per_moon=180;categorical_contamination=0;q_categorical_noise=0;moon_noise_sd=0.08;prop_nn=0.1;interaction_state=signal","gamma=0|gamma=0.25|gamma=0.5|gamma=0.75|gamma=1"
978,"gamma_sensitivity",1,28,27094601,"sensitivity","n_per_moon=180;categorical_contamination=0;q_categorical_noise=0;moon_noise_sd=0.08;prop_nn=0.1;interaction_state=signal","gamma=0|gamma=0.25|gamma=0.5|gamma=0.75|gamma=1"
979,"gamma_sensitivity",1,29,27094701,"sensitivity","n_per_moon=180;categorical_contamination=0;q_categorical_noise=0;moon_noise_sd=0.08;prop_nn=0.1;interaction_state=signal","gamma=0|gamma=0.25|gamma=0.5|gamma=0.75|gamma=1"
980,"gamma_sensitivity",1,30,27094801,"sensitivity","n_per_moon=180;categorical_contamination=0;q_categorical_noise=0;moon_noise_sd=0.08;prop_nn=0.1;interaction_state=signal","gamma=0|gamma=0.25|gamma=0.5|gamma=0.75|gamma=1"
981,"gamma_sensitivity",1,31,27094901,"sensitivity","n_per_moon=180;categorical_contamination=0;q_categorical_noise=0;moon_noise_sd=0.08;prop_nn=0.1;interaction_state=signal","gamma=0|gamma=0.25|gamma=0.5|gamma=0.75|gamma=1"
982,"gamma_sensitivity",1,32,27095001,"sensitivity","n_per_moon=180;categorical_contamination=0;q_categorical_noise=0;moon_noise_sd=0.08;prop_nn=0.1;interaction_state=signal","gamma=0|gamma=0.25|gamma=0.5|gamma=0.75|gamma=1"
983,"gamma_sensitivity",1,33,27095101,"sensitivity","n_per_moon=180;categorical_contamination=0;q_categorical_noise=0;moon_noise_sd=0.08;prop_nn=0.1;interaction_state=signal","gamma=0|gamma=0.25|gamma=0.5|gamma=0.75|gamma=1"
984,"gamma_sensitivity",1,34,27095201,"sensitivity","n_per_moon=180;categorical_contamination=0;q_categorical_noise=0;moon_noise_sd=0.08;prop_nn=0.1;interaction_state=signal","gamma=0|gamma=0.25|gamma=0.5|gamma=0.75|gamma=1"
985,"gamma_sensitivity",1,35,27095301,"sensitivity","n_per_moon=180;categorical_contamination=0;q_categorical_noise=0;moon_noise_sd=0.08;prop_nn=0.1;interaction_state=signal","gamma=0|gamma=0.25|gamma=0.5|gamma=0.75|gamma=1"
986,"gamma_sensitivity",1,36,27095401,"sensitivity","n_per_moon=180;categorical_contamination=0;q_categorical_noise=0;moon_noise_sd=0.08;prop_nn=0.1;interaction_state=signal","gamma=0|gamma=0.25|gamma=0.5|gamma=0.75|gamma=1"
987,"gamma_sensitivity",1,37,27095501,"sensitivity","n_per_moon=180;categorical_contamination=0;q_categorical_noise=0;moon_noise_sd=0.08;prop_nn=0.1;interaction_state=signal","gamma=0|gamma=0.25|gamma=0.5|gamma=0.75|gamma=1"
988,"gamma_sensitivity",1,38,27095601,"sensitivity","n_per_moon=180;categorical_contamination=0;q_categorical_noise=0;moon_noise_sd=0.08;prop_nn=0.1;interaction_state=signal","gamma=0|gamma=0.25|gamma=0.5|gamma=0.75|gamma=1"
989,"gamma_sensitivity",1,39,27095701,"sensitivity","n_per_moon=180;categorical_contamination=0;q_categorical_noise=0;moon_noise_sd=0.08;prop_nn=0.1;interaction_state=signal","gamma=0|gamma=0.25|gamma=0.5|gamma=0.75|gamma=1"
990,"gamma_sensitivity",1,40,27095801,"sensitivity","n_per_moon=180;categorical_contamination=0;q_categorical_noise=0;moon_noise_sd=0.08;prop_nn=0.1;interaction_state=signal","gamma=0|gamma=0.25|gamma=0.5|gamma=0.75|gamma=1"
991,"gamma_sensitivity",1,41,27095901,"sensitivity","n_per_moon=180;categorical_contamination=0;q_categorical_noise=0;moon_noise_sd=0.08;prop_nn=0.1;interaction_state=signal","gamma=0|gamma=0.25|gamma=0.5|gamma=0.75|gamma=1"
992,"gamma_sensitivity",1,42,27096001,"sensitivity","n_per_moon=180;categorical_contamination=0;q_categorical_noise=0;moon_noise_sd=0.08;prop_nn=0.1;interaction_state=signal","gamma=0|gamma=0.25|gamma=0.5|gamma=0.75|gamma=1"
993,"gamma_sensitivity",1,43,27096101,"sensitivity","n_per_moon=180;categorical_contamination=0;q_categorical_noise=0;moon_noise_sd=0.08;prop_nn=0.1;interaction_state=signal","gamma=0|gamma=0.25|gamma=0.5|gamma=0.75|gamma=1"
994,"gamma_sensitivity",1,44,27096201,"sensitivity","n_per_moon=180;categorical_contamination=0;q_categorical_noise=0;moon_noise_sd=0.08;prop_nn=0.1;interaction_state=signal","gamma=0|gamma=0.25|gamma=0.5|gamma=0.75|gamma=1"
995,"gamma_sensitivity",1,45,27096301,"sensitivity","n_per_moon=180;categorical_contamination=0;q_categorical_noise=0;moon_noise_sd=0.08;prop_nn=0.1;interaction_state=signal","gamma=0|gamma=0.25|gamma=0.5|gamma=0.75|gamma=1"
996,"gamma_sensitivity",1,46,27096401,"sensitivity","n_per_moon=180;categorical_contamination=0;q_categorical_noise=0;moon_noise_sd=0.08;prop_nn=0.1;interaction_state=signal","gamma=0|gamma=0.25|gamma=0.5|gamma=0.75|gamma=1"
997,"gamma_sensitivity",1,47,27096501,"sensitivity","n_per_moon=180;categorical_contamination=0;q_categorical_noise=0;moon_noise_sd=0.08;prop_nn=0.1;interaction_state=signal","gamma=0|gamma=0.25|gamma=0.5|gamma=0.75|gamma=1"
998,"gamma_sensitivity",1,48,27096601,"sensitivity","n_per_moon=180;categorical_contamination=0;q_categorical_noise=0;moon_noise_sd=0.08;prop_nn=0.1;interaction_state=signal","gamma=0|gamma=0.25|gamma=0.5|gamma=0.75|gamma=1"
999,"gamma_sensitivity",1,49,27096701,"sensitivity","n_per_moon=180;categorical_contamination=0;q_categorical_noise=0;moon_noise_sd=0.08;prop_nn=0.1;interaction_state=signal","gamma=0|gamma=0.25|gamma=0.5|gamma=0.75|gamma=1"
1000,"gamma_sensitivity",1,50,27096801,"sensitivity","n_per_moon=180;categorical_contamination=0;q_categorical_noise=0;moon_noise_sd=0.08;prop_nn=0.1;interaction_state=signal","gamma=0|gamma=0.25|gamma=0.5|gamma=0.75|gamma=1"
1001,"gamma_sensitivity",2,1,27091901,"sensitivity","n_per_moon=180;categorical_contamination=0;q_categorical_noise=0;moon_noise_sd=0.08;prop_nn=0.1;interaction_state=null","gamma=0|gamma=0.25|gamma=0.5|gamma=0.75|gamma=1"
1002,"gamma_sensitivity",2,2,27092001,"sensitivity","n_per_moon=180;categorical_contamination=0;q_categorical_noise=0;moon_noise_sd=0.08;prop_nn=0.1;interaction_state=null","gamma=0|gamma=0.25|gamma=0.5|gamma=0.75|gamma=1"
1003,"gamma_sensitivity",2,3,27092101,"sensitivity","n_per_moon=180;categorical_contamination=0;q_categorical_noise=0;moon_noise_sd=0.08;prop_nn=0.1;interaction_state=null","gamma=0|gamma=0.25|gamma=0.5|gamma=0.75|gamma=1"
1004,"gamma_sensitivity",2,4,27092201,"sensitivity","n_per_moon=180;categorical_contamination=0;q_categorical_noise=0;moon_noise_sd=0.08;prop_nn=0.1;interaction_state=null","gamma=0|gamma=0.25|gamma=0.5|gamma=0.75|gamma=1"
1005,"gamma_sensitivity",2,5,27092301,"sensitivity","n_per_moon=180;categorical_contamination=0;q_categorical_noise=0;moon_noise_sd=0.08;prop_nn=0.1;interaction_state=null","gamma=0|gamma=0.25|gamma=0.5|gamma=0.75|gamma=1"
1006,"gamma_sensitivity",2,6,27092401,"sensitivity","n_per_moon=180;categorical_contamination=0;q_categorical_noise=0;moon_noise_sd=0.08;prop_nn=0.1;interaction_state=null","gamma=0|gamma=0.25|gamma=0.5|gamma=0.75|gamma=1"
1007,"gamma_sensitivity",2,7,27092501,"sensitivity","n_per_moon=180;categorical_contamination=0;q_categorical_noise=0;moon_noise_sd=0.08;prop_nn=0.1;interaction_state=null","gamma=0|gamma=0.25|gamma=0.5|gamma=0.75|gamma=1"
1008,"gamma_sensitivity",2,8,27092601,"sensitivity","n_per_moon=180;categorical_contamination=0;q_categorical_noise=0;moon_noise_sd=0.08;prop_nn=0.1;interaction_state=null","gamma=0|gamma=0.25|gamma=0.5|gamma=0.75|gamma=1"
1009,"gamma_sensitivity",2,9,27092701,"sensitivity","n_per_moon=180;categorical_contamination=0;q_categorical_noise=0;moon_noise_sd=0.08;prop_nn=0.1;interaction_state=null","gamma=0|gamma=0.25|gamma=0.5|gamma=0.75|gamma=1"
1010,"gamma_sensitivity",2,10,27092801,"sensitivity","n_per_moon=180;categorical_contamination=0;q_categorical_noise=0;moon_noise_sd=0.08;prop_nn=0.1;interaction_state=null","gamma=0|gamma=0.25|gamma=0.5|gamma=0.75|gamma=1"
1011,"gamma_sensitivity",2,11,27092901,"sensitivity","n_per_moon=180;categorical_contamination=0;q_categorical_noise=0;moon_noise_sd=0.08;prop_nn=0.1;interaction_state=null","gamma=0|gamma=0.25|gamma=0.5|gamma=0.75|gamma=1"
1012,"gamma_sensitivity",2,12,27093001,"sensitivity","n_per_moon=180;categorical_contamination=0;q_categorical_noise=0;moon_noise_sd=0.08;prop_nn=0.1;interaction_state=null","gamma=0|gamma=0.25|gamma=0.5|gamma=0.75|gamma=1"
1013,"gamma_sensitivity",2,13,27093101,"sensitivity","n_per_moon=180;categorical_contamination=0;q_categorical_noise=0;moon_noise_sd=0.08;prop_nn=0.1;interaction_state=null","gamma=0|gamma=0.25|gamma=0.5|gamma=0.75|gamma=1"
1014,"gamma_sensitivity",2,14,27093201,"sensitivity","n_per_moon=180;categorical_contamination=0;q_categorical_noise=0;moon_noise_sd=0.08;prop_nn=0.1;interaction_state=null","gamma=0|gamma=0.25|gamma=0.5|gamma=0.75|gamma=1"
1015,"gamma_sensitivity",2,15,27093301,"sensitivity","n_per_moon=180;categorical_contamination=0;q_categorical_noise=0;moon_noise_sd=0.08;prop_nn=0.1;interaction_state=null","gamma=0|gamma=0.25|gamma=0.5|gamma=0.75|gamma=1"
1016,"gamma_sensitivity",2,16,27093401,"sensitivity","n_per_moon=180;categorical_contamination=0;q_categorical_noise=0;moon_noise_sd=0.08;prop_nn=0.1;interaction_state=null","gamma=0|gamma=0.25|gamma=0.5|gamma=0.75|gamma=1"
1017,"gamma_sensitivity",2,17,27093501,"sensitivity","n_per_moon=180;categorical_contamination=0;q_categorical_noise=0;moon_noise_sd=0.08;prop_nn=0.1;interaction_state=null","gamma=0|gamma=0.25|gamma=0.5|gamma=0.75|gamma=1"
1018,"gamma_sensitivity",2,18,27093601,"sensitivity","n_per_moon=180;categorical_contamination=0;q_categorical_noise=0;moon_noise_sd=0.08;prop_nn=0.1;interaction_state=null","gamma=0|gamma=0.25|gamma=0.5|gamma=0.75|gamma=1"
1019,"gamma_sensitivity",2,19,27093701,"sensitivity","n_per_moon=180;categorical_contamination=0;q_categorical_noise=0;moon_noise_sd=0.08;prop_nn=0.1;interaction_state=null","gamma=0|gamma=0.25|gamma=0.5|gamma=0.75|gamma=1"
1020,"gamma_sensitivity",2,20,27093801,"sensitivity","n_per_moon=180;categorical_contamination=0;q_categorical_noise=0;moon_noise_sd=0.08;prop_nn=0.1;interaction_state=null","gamma=0|gamma=0.25|gamma=0.5|gamma=0.75|gamma=1"
1021,"gamma_sensitivity",2,21,27093901,"sensitivity","n_per_moon=180;categorical_contamination=0;q_categorical_noise=0;moon_noise_sd=0.08;prop_nn=0.1;interaction_state=null","gamma=0|gamma=0.25|gamma=0.5|gamma=0.75|gamma=1"
1022,"gamma_sensitivity",2,22,27094001,"sensitivity","n_per_moon=180;categorical_contamination=0;q_categorical_noise=0;moon_noise_sd=0.08;prop_nn=0.1;interaction_state=null","gamma=0|gamma=0.25|gamma=0.5|gamma=0.75|gamma=1"
1023,"gamma_sensitivity",2,23,27094101,"sensitivity","n_per_moon=180;categorical_contamination=0;q_categorical_noise=0;moon_noise_sd=0.08;prop_nn=0.1;interaction_state=null","gamma=0|gamma=0.25|gamma=0.5|gamma=0.75|gamma=1"
1024,"gamma_sensitivity",2,24,27094201,"sensitivity","n_per_moon=180;categorical_contamination=0;q_categorical_noise=0;moon_noise_sd=0.08;prop_nn=0.1;interaction_state=null","gamma=0|gamma=0.25|gamma=0.5|gamma=0.75|gamma=1"
1025,"gamma_sensitivity",2,25,27094301,"sensitivity","n_per_moon=180;categorical_contamination=0;q_categorical_noise=0;moon_noise_sd=0.08;prop_nn=0.1;interaction_state=null","gamma=0|gamma=0.25|gamma=0.5|gamma=0.75|gamma=1"
1026,"gamma_sensitivity",2,26,27094401,"sensitivity","n_per_moon=180;categorical_contamination=0;q_categorical_noise=0;moon_noise_sd=0.08;prop_nn=0.1;interaction_state=null","gamma=0|gamma=0.25|gamma=0.5|gamma=0.75|gamma=1"
1027,"gamma_sensitivity",2,27,27094501,"sensitivity","n_per_moon=180;categorical_contamination=0;q_categorical_noise=0;moon_noise_sd=0.08;prop_nn=0.1;interaction_state=null","gamma=0|gamma=0.25|gamma=0.5|gamma=0.75|gamma=1"
1028,"gamma_sensitivity",2,28,27094601,"sensitivity","n_per_moon=180;categorical_contamination=0;q_categorical_noise=0;moon_noise_sd=0.08;prop_nn=0.1;interaction_state=null","gamma=0|gamma=0.25|gamma=0.5|gamma=0.75|gamma=1"
1029,"gamma_sensitivity",2,29,27094701,"sensitivity","n_per_moon=180;categorical_contamination=0;q_categorical_noise=0;moon_noise_sd=0.08;prop_nn=0.1;interaction_state=null","gamma=0|gamma=0.25|gamma=0.5|gamma=0.75|gamma=1"
1030,"gamma_sensitivity",2,30,27094801,"sensitivity","n_per_moon=180;categorical_contamination=0;q_categorical_noise=0;moon_noise_sd=0.08;prop_nn=0.1;interaction_state=null","gamma=0|gamma=0.25|gamma=0.5|gamma=0.75|gamma=1"
1031,"gamma_sensitivity",2,31,27094901,"sensitivity","n_per_moon=180;categorical_contamination=0;q_categorical_noise=0;moon_noise_sd=0.08;prop_nn=0.1;interaction_state=null","gamma=0|gamma=0.25|gamma=0.5|gamma=0.75|gamma=1"
1032,"gamma_sensitivity",2,32,27095001,"sensitivity","n_per_moon=180;categorical_contamination=0;q_categorical_noise=0;moon_noise_sd=0.08;prop_nn=0.1;interaction_state=null","gamma=0|gamma=0.25|gamma=0.5|gamma=0.75|gamma=1"
1033,"gamma_sensitivity",2,33,27095101,"sensitivity","n_per_moon=180;categorical_contamination=0;q_categorical_noise=0;moon_noise_sd=0.08;prop_nn=0.1;interaction_state=null","gamma=0|gamma=0.25|gamma=0.5|gamma=0.75|gamma=1"
1034,"gamma_sensitivity",2,34,27095201,"sensitivity","n_per_moon=180;categorical_contamination=0;q_categorical_noise=0;moon_noise_sd=0.08;prop_nn=0.1;interaction_state=null","gamma=0|gamma=0.25|gamma=0.5|gamma=0.75|gamma=1"
1035,"gamma_sensitivity",2,35,27095301,"sensitivity","n_per_moon=180;categorical_contamination=0;q_categorical_noise=0;moon_noise_sd=0.08;prop_nn=0.1;interaction_state=null","gamma=0|gamma=0.25|gamma=0.5|gamma=0.75|gamma=1"
1036,"gamma_sensitivity",2,36,27095401,"sensitivity","n_per_moon=180;categorical_contamination=0;q_categorical_noise=0;moon_noise_sd=0.08;prop_nn=0.1;interaction_state=null","gamma=0|gamma=0.25|gamma=0.5|gamma=0.75|gamma=1"
1037,"gamma_sensitivity",2,37,27095501,"sensitivity","n_per_moon=180;categorical_contamination=0;q_categorical_noise=0;moon_noise_sd=0.08;prop_nn=0.1;interaction_state=null","gamma=0|gamma=0.25|gamma=0.5|gamma=0.75|gamma=1"
1038,"gamma_sensitivity",2,38,27095601,"sensitivity","n_per_moon=180;categorical_contamination=0;q_categorical_noise=0;moon_noise_sd=0.08;prop_nn=0.1;interaction_state=null","gamma=0|gamma=0.25|gamma=0.5|gamma=0.75|gamma=1"
1039,"gamma_sensitivity",2,39,27095701,"sensitivity","n_per_moon=180;categorical_contamination=0;q_categorical_noise=0;moon_noise_sd=0.08;prop_nn=0.1;interaction_state=null","gamma=0|gamma=0.25|gamma=0.5|gamma=0.75|gamma=1"
1040,"gamma_sensitivity",2,40,27095801,"sensitivity","n_per_moon=180;categorical_contamination=0;q_categorical_noise=0;moon_noise_sd=0.08;prop_nn=0.1;interaction_state=null","gamma=0|gamma=0.25|gamma=0.5|gamma=0.75|gamma=1"
1041,"gamma_sensitivity",2,41,27095901,"sensitivity","n_per_moon=180;categorical_contamination=0;q_categorical_noise=0;moon_noise_sd=0.08;prop_nn=0.1;interaction_state=null","gamma=0|gamma=0.25|gamma=0.5|gamma=0.75|gamma=1"
1042,"gamma_sensitivity",2,42,27096001,"sensitivity","n_per_moon=180;categorical_contamination=0;q_categorical_noise=0;moon_noise_sd=0.08;prop_nn=0.1;interaction_state=null","gamma=0|gamma=0.25|gamma=0.5|gamma=0.75|gamma=1"
1043,"gamma_sensitivity",2,43,27096101,"sensitivity","n_per_moon=180;categorical_contamination=0;q_categorical_noise=0;moon_noise_sd=0.08;prop_nn=0.1;interaction_state=null","gamma=0|gamma=0.25|gamma=0.5|gamma=0.75|gamma=1"
1044,"gamma_sensitivity",2,44,27096201,"sensitivity","n_per_moon=180;categorical_contamination=0;q_categorical_noise=0;moon_noise_sd=0.08;prop_nn=0.1;interaction_state=null","gamma=0|gamma=0.25|gamma=0.5|gamma=0.75|gamma=1"
1045,"gamma_sensitivity",2,45,27096301,"sensitivity","n_per_moon=180;categorical_contamination=0;q_categorical_noise=0;moon_noise_sd=0.08;prop_nn=0.1;interaction_state=null","gamma=0|gamma=0.25|gamma=0.5|gamma=0.75|gamma=1"
1046,"gamma_sensitivity",2,46,27096401,"sensitivity","n_per_moon=180;categorical_contamination=0;q_categorical_noise=0;moon_noise_sd=0.08;prop_nn=0.1;interaction_state=null","gamma=0|gamma=0.25|gamma=0.5|gamma=0.75|gamma=1"
1047,"gamma_sensitivity",2,47,27096501,"sensitivity","n_per_moon=180;categorical_contamination=0;q_categorical_noise=0;moon_noise_sd=0.08;prop_nn=0.1;interaction_state=null","gamma=0|gamma=0.25|gamma=0.5|gamma=0.75|gamma=1"
1048,"gamma_sensitivity",2,48,27096601,"sensitivity","n_per_moon=180;categorical_contamination=0;q_categorical_noise=0;moon_noise_sd=0.08;prop_nn=0.1;interaction_state=null","gamma=0|gamma=0.25|gamma=0.5|gamma=0.75|gamma=1"
1049,"gamma_sensitivity",2,49,27096701,"sensitivity","n_per_moon=180;categorical_contamination=0;q_categorical_noise=0;moon_noise_sd=0.08;prop_nn=0.1;interaction_state=null","gamma=0|gamma=0.25|gamma=0.5|gamma=0.75|gamma=1"
1050,"gamma_sensitivity",2,50,27096801,"sensitivity","n_per_moon=180;categorical_contamination=0;q_categorical_noise=0;moon_noise_sd=0.08;prop_nn=0.1;interaction_state=null","gamma=0|gamma=0.25|gamma=0.5|gamma=0.75|gamma=1"
1051,"numeric_block_weight_sensitivity",1,1,27191901,"sensitivity","n_per_moon=180;categorical_contamination=0;q_categorical_noise=0;moon_noise_sd=0.08;prop_nn=0.1;interaction_state=signal","numeric_block_weight=0.5|numeric_block_weight=1|numeric_block_weight=2"
1052,"numeric_block_weight_sensitivity",1,2,27192001,"sensitivity","n_per_moon=180;categorical_contamination=0;q_categorical_noise=0;moon_noise_sd=0.08;prop_nn=0.1;interaction_state=signal","numeric_block_weight=0.5|numeric_block_weight=1|numeric_block_weight=2"
1053,"numeric_block_weight_sensitivity",1,3,27192101,"sensitivity","n_per_moon=180;categorical_contamination=0;q_categorical_noise=0;moon_noise_sd=0.08;prop_nn=0.1;interaction_state=signal","numeric_block_weight=0.5|numeric_block_weight=1|numeric_block_weight=2"
1054,"numeric_block_weight_sensitivity",1,4,27192201,"sensitivity","n_per_moon=180;categorical_contamination=0;q_categorical_noise=0;moon_noise_sd=0.08;prop_nn=0.1;interaction_state=signal","numeric_block_weight=0.5|numeric_block_weight=1|numeric_block_weight=2"
1055,"numeric_block_weight_sensitivity",1,5,27192301,"sensitivity","n_per_moon=180;categorical_contamination=0;q_categorical_noise=0;moon_noise_sd=0.08;prop_nn=0.1;interaction_state=signal","numeric_block_weight=0.5|numeric_block_weight=1|numeric_block_weight=2"
1056,"numeric_block_weight_sensitivity",1,6,27192401,"sensitivity","n_per_moon=180;categorical_contamination=0;q_categorical_noise=0;moon_noise_sd=0.08;prop_nn=0.1;interaction_state=signal","numeric_block_weight=0.5|numeric_block_weight=1|numeric_block_weight=2"
1057,"numeric_block_weight_sensitivity",1,7,27192501,"sensitivity","n_per_moon=180;categorical_contamination=0;q_categorical_noise=0;moon_noise_sd=0.08;prop_nn=0.1;interaction_state=signal","numeric_block_weight=0.5|numeric_block_weight=1|numeric_block_weight=2"
1058,"numeric_block_weight_sensitivity",1,8,27192601,"sensitivity","n_per_moon=180;categorical_contamination=0;q_categorical_noise=0;moon_noise_sd=0.08;prop_nn=0.1;interaction_state=signal","numeric_block_weight=0.5|numeric_block_weight=1|numeric_block_weight=2"
1059,"numeric_block_weight_sensitivity",1,9,27192701,"sensitivity","n_per_moon=180;categorical_contamination=0;q_categorical_noise=0;moon_noise_sd=0.08;prop_nn=0.1;interaction_state=signal","numeric_block_weight=0.5|numeric_block_weight=1|numeric_block_weight=2"
1060,"numeric_block_weight_sensitivity",1,10,27192801,"sensitivity","n_per_moon=180;categorical_contamination=0;q_categorical_noise=0;moon_noise_sd=0.08;prop_nn=0.1;interaction_state=signal","numeric_block_weight=0.5|numeric_block_weight=1|numeric_block_weight=2"
1061,"numeric_block_weight_sensitivity",1,11,27192901,"sensitivity","n_per_moon=180;categorical_contamination=0;q_categorical_noise=0;moon_noise_sd=0.08;prop_nn=0.1;interaction_state=signal","numeric_block_weight=0.5|numeric_block_weight=1|numeric_block_weight=2"
1062,"numeric_block_weight_sensitivity",1,12,27193001,"sensitivity","n_per_moon=180;categorical_contamination=0;q_categorical_noise=0;moon_noise_sd=0.08;prop_nn=0.1;interaction_state=signal","numeric_block_weight=0.5|numeric_block_weight=1|numeric_block_weight=2"
1063,"numeric_block_weight_sensitivity",1,13,27193101,"sensitivity","n_per_moon=180;categorical_contamination=0;q_categorical_noise=0;moon_noise_sd=0.08;prop_nn=0.1;interaction_state=signal","numeric_block_weight=0.5|numeric_block_weight=1|numeric_block_weight=2"
1064,"numeric_block_weight_sensitivity",1,14,27193201,"sensitivity","n_per_moon=180;categorical_contamination=0;q_categorical_noise=0;moon_noise_sd=0.08;prop_nn=0.1;interaction_state=signal","numeric_block_weight=0.5|numeric_block_weight=1|numeric_block_weight=2"
1065,"numeric_block_weight_sensitivity",1,15,27193301,"sensitivity","n_per_moon=180;categorical_contamination=0;q_categorical_noise=0;moon_noise_sd=0.08;prop_nn=0.1;interaction_state=signal","numeric_block_weight=0.5|numeric_block_weight=1|numeric_block_weight=2"
1066,"numeric_block_weight_sensitivity",1,16,27193401,"sensitivity","n_per_moon=180;categorical_contamination=0;q_categorical_noise=0;moon_noise_sd=0.08;prop_nn=0.1;interaction_state=signal","numeric_block_weight=0.5|numeric_block_weight=1|numeric_block_weight=2"
1067,"numeric_block_weight_sensitivity",1,17,27193501,"sensitivity","n_per_moon=180;categorical_contamination=0;q_categorical_noise=0;moon_noise_sd=0.08;prop_nn=0.1;interaction_state=signal","numeric_block_weight=0.5|numeric_block_weight=1|numeric_block_weight=2"
1068,"numeric_block_weight_sensitivity",1,18,27193601,"sensitivity","n_per_moon=180;categorical_contamination=0;q_categorical_noise=0;moon_noise_sd=0.08;prop_nn=0.1;interaction_state=signal","numeric_block_weight=0.5|numeric_block_weight=1|numeric_block_weight=2"
1069,"numeric_block_weight_sensitivity",1,19,27193701,"sensitivity","n_per_moon=180;categorical_contamination=0;q_categorical_noise=0;moon_noise_sd=0.08;prop_nn=0.1;interaction_state=signal","numeric_block_weight=0.5|numeric_block_weight=1|numeric_block_weight=2"
1070,"numeric_block_weight_sensitivity",1,20,27193801,"sensitivity","n_per_moon=180;categorical_contamination=0;q_categorical_noise=0;moon_noise_sd=0.08;prop_nn=0.1;interaction_state=signal","numeric_block_weight=0.5|numeric_block_weight=1|numeric_block_weight=2"
1071,"numeric_block_weight_sensitivity",1,21,27193901,"sensitivity","n_per_moon=180;categorical_contamination=0;q_categorical_noise=0;moon_noise_sd=0.08;prop_nn=0.1;interaction_state=signal","numeric_block_weight=0.5|numeric_block_weight=1|numeric_block_weight=2"
1072,"numeric_block_weight_sensitivity",1,22,27194001,"sensitivity","n_per_moon=180;categorical_contamination=0;q_categorical_noise=0;moon_noise_sd=0.08;prop_nn=0.1;interaction_state=signal","numeric_block_weight=0.5|numeric_block_weight=1|numeric_block_weight=2"
1073,"numeric_block_weight_sensitivity",1,23,27194101,"sensitivity","n_per_moon=180;categorical_contamination=0;q_categorical_noise=0;moon_noise_sd=0.08;prop_nn=0.1;interaction_state=signal","numeric_block_weight=0.5|numeric_block_weight=1|numeric_block_weight=2"
1074,"numeric_block_weight_sensitivity",1,24,27194201,"sensitivity","n_per_moon=180;categorical_contamination=0;q_categorical_noise=0;moon_noise_sd=0.08;prop_nn=0.1;interaction_state=signal","numeric_block_weight=0.5|numeric_block_weight=1|numeric_block_weight=2"
1075,"numeric_block_weight_sensitivity",1,25,27194301,"sensitivity","n_per_moon=180;categorical_contamination=0;q_categorical_noise=0;moon_noise_sd=0.08;prop_nn=0.1;interaction_state=signal","numeric_block_weight=0.5|numeric_block_weight=1|numeric_block_weight=2"
1076,"numeric_block_weight_sensitivity",1,26,27194401,"sensitivity","n_per_moon=180;categorical_contamination=0;q_categorical_noise=0;moon_noise_sd=0.08;prop_nn=0.1;interaction_state=signal","numeric_block_weight=0.5|numeric_block_weight=1|numeric_block_weight=2"
1077,"numeric_block_weight_sensitivity",1,27,27194501,"sensitivity","n_per_moon=180;categorical_contamination=0;q_categorical_noise=0;moon_noise_sd=0.08;prop_nn=0.1;interaction_state=signal","numeric_block_weight=0.5|numeric_block_weight=1|numeric_block_weight=2"
1078,"numeric_block_weight_sensitivity",1,28,27194601,"sensitivity","n_per_moon=180;categorical_contamination=0;q_categorical_noise=0;moon_noise_sd=0.08;prop_nn=0.1;interaction_state=signal","numeric_block_weight=0.5|numeric_block_weight=1|numeric_block_weight=2"
1079,"numeric_block_weight_sensitivity",1,29,27194701,"sensitivity","n_per_moon=180;categorical_contamination=0;q_categorical_noise=0;moon_noise_sd=0.08;prop_nn=0.1;interaction_state=signal","numeric_block_weight=0.5|numeric_block_weight=1|numeric_block_weight=2"
1080,"numeric_block_weight_sensitivity",1,30,27194801,"sensitivity","n_per_moon=180;categorical_contamination=0;q_categorical_noise=0;moon_noise_sd=0.08;prop_nn=0.1;interaction_state=signal","numeric_block_weight=0.5|numeric_block_weight=1|numeric_block_weight=2"
1081,"numeric_block_weight_sensitivity",1,31,27194901,"sensitivity","n_per_moon=180;categorical_contamination=0;q_categorical_noise=0;moon_noise_sd=0.08;prop_nn=0.1;interaction_state=signal","numeric_block_weight=0.5|numeric_block_weight=1|numeric_block_weight=2"
1082,"numeric_block_weight_sensitivity",1,32,27195001,"sensitivity","n_per_moon=180;categorical_contamination=0;q_categorical_noise=0;moon_noise_sd=0.08;prop_nn=0.1;interaction_state=signal","numeric_block_weight=0.5|numeric_block_weight=1|numeric_block_weight=2"
1083,"numeric_block_weight_sensitivity",1,33,27195101,"sensitivity","n_per_moon=180;categorical_contamination=0;q_categorical_noise=0;moon_noise_sd=0.08;prop_nn=0.1;interaction_state=signal","numeric_block_weight=0.5|numeric_block_weight=1|numeric_block_weight=2"
1084,"numeric_block_weight_sensitivity",1,34,27195201,"sensitivity","n_per_moon=180;categorical_contamination=0;q_categorical_noise=0;moon_noise_sd=0.08;prop_nn=0.1;interaction_state=signal","numeric_block_weight=0.5|numeric_block_weight=1|numeric_block_weight=2"
1085,"numeric_block_weight_sensitivity",1,35,27195301,"sensitivity","n_per_moon=180;categorical_contamination=0;q_categorical_noise=0;moon_noise_sd=0.08;prop_nn=0.1;interaction_state=signal","numeric_block_weight=0.5|numeric_block_weight=1|numeric_block_weight=2"
1086,"numeric_block_weight_sensitivity",1,36,27195401,"sensitivity","n_per_moon=180;categorical_contamination=0;q_categorical_noise=0;moon_noise_sd=0.08;prop_nn=0.1;interaction_state=signal","numeric_block_weight=0.5|numeric_block_weight=1|numeric_block_weight=2"
1087,"numeric_block_weight_sensitivity",1,37,27195501,"sensitivity","n_per_moon=180;categorical_contamination=0;q_categorical_noise=0;moon_noise_sd=0.08;prop_nn=0.1;interaction_state=signal","numeric_block_weight=0.5|numeric_block_weight=1|numeric_block_weight=2"
1088,"numeric_block_weight_sensitivity",1,38,27195601,"sensitivity","n_per_moon=180;categorical_contamination=0;q_categorical_noise=0;moon_noise_sd=0.08;prop_nn=0.1;interaction_state=signal","numeric_block_weight=0.5|numeric_block_weight=1|numeric_block_weight=2"
1089,"numeric_block_weight_sensitivity",1,39,27195701,"sensitivity","n_per_moon=180;categorical_contamination=0;q_categorical_noise=0;moon_noise_sd=0.08;prop_nn=0.1;interaction_state=signal","numeric_block_weight=0.5|numeric_block_weight=1|numeric_block_weight=2"
1090,"numeric_block_weight_sensitivity",1,40,27195801,"sensitivity","n_per_moon=180;categorical_contamination=0;q_categorical_noise=0;moon_noise_sd=0.08;prop_nn=0.1;interaction_state=signal","numeric_block_weight=0.5|numeric_block_weight=1|numeric_block_weight=2"
1091,"numeric_block_weight_sensitivity",1,41,27195901,"sensitivity","n_per_moon=180;categorical_contamination=0;q_categorical_noise=0;moon_noise_sd=0.08;prop_nn=0.1;interaction_state=signal","numeric_block_weight=0.5|numeric_block_weight=1|numeric_block_weight=2"
1092,"numeric_block_weight_sensitivity",1,42,27196001,"sensitivity","n_per_moon=180;categorical_contamination=0;q_categorical_noise=0;moon_noise_sd=0.08;prop_nn=0.1;interaction_state=signal","numeric_block_weight=0.5|numeric_block_weight=1|numeric_block_weight=2"
1093,"numeric_block_weight_sensitivity",1,43,27196101,"sensitivity","n_per_moon=180;categorical_contamination=0;q_categorical_noise=0;moon_noise_sd=0.08;prop_nn=0.1;interaction_state=signal","numeric_block_weight=0.5|numeric_block_weight=1|numeric_block_weight=2"
1094,"numeric_block_weight_sensitivity",1,44,27196201,"sensitivity","n_per_moon=180;categorical_contamination=0;q_categorical_noise=0;moon_noise_sd=0.08;prop_nn=0.1;interaction_state=signal","numeric_block_weight=0.5|numeric_block_weight=1|numeric_block_weight=2"
1095,"numeric_block_weight_sensitivity",1,45,27196301,"sensitivity","n_per_moon=180;categorical_contamination=0;q_categorical_noise=0;moon_noise_sd=0.08;prop_nn=0.1;interaction_state=signal","numeric_block_weight=0.5|numeric_block_weight=1|numeric_block_weight=2"
1096,"numeric_block_weight_sensitivity",1,46,27196401,"sensitivity","n_per_moon=180;categorical_contamination=0;q_categorical_noise=0;moon_noise_sd=0.08;prop_nn=0.1;interaction_state=signal","numeric_block_weight=0.5|numeric_block_weight=1|numeric_block_weight=2"
1097,"numeric_block_weight_sensitivity",1,47,27196501,"sensitivity","n_per_moon=180;categorical_contamination=0;q_categorical_noise=0;moon_noise_sd=0.08;prop_nn=0.1;interaction_state=signal","numeric_block_weight=0.5|numeric_block_weight=1|numeric_block_weight=2"
1098,"numeric_block_weight_sensitivity",1,48,27196601,"sensitivity","n_per_moon=180;categorical_contamination=0;q_categorical_noise=0;moon_noise_sd=0.08;prop_nn=0.1;interaction_state=signal","numeric_block_weight=0.5|numeric_block_weight=1|numeric_block_weight=2"
1099,"numeric_block_weight_sensitivity",1,49,27196701,"sensitivity","n_per_moon=180;categorical_contamination=0;q_categorical_noise=0;moon_noise_sd=0.08;prop_nn=0.1;interaction_state=signal","numeric_block_weight=0.5|numeric_block_weight=1|numeric_block_weight=2"
1100,"numeric_block_weight_sensitivity",1,50,27196801,"sensitivity","n_per_moon=180;categorical_contamination=0;q_categorical_noise=0;moon_noise_sd=0.08;prop_nn=0.1;interaction_state=signal","numeric_block_weight=0.5|numeric_block_weight=1|numeric_block_weight=2"
1101,"numeric_block_weight_sensitivity",2,1,27191901,"sensitivity","n_per_moon=180;categorical_contamination=0;q_categorical_noise=0;moon_noise_sd=0.08;prop_nn=0.1;interaction_state=null","numeric_block_weight=0.5|numeric_block_weight=1|numeric_block_weight=2"
1102,"numeric_block_weight_sensitivity",2,2,27192001,"sensitivity","n_per_moon=180;categorical_contamination=0;q_categorical_noise=0;moon_noise_sd=0.08;prop_nn=0.1;interaction_state=null","numeric_block_weight=0.5|numeric_block_weight=1|numeric_block_weight=2"
1103,"numeric_block_weight_sensitivity",2,3,27192101,"sensitivity","n_per_moon=180;categorical_contamination=0;q_categorical_noise=0;moon_noise_sd=0.08;prop_nn=0.1;interaction_state=null","numeric_block_weight=0.5|numeric_block_weight=1|numeric_block_weight=2"
1104,"numeric_block_weight_sensitivity",2,4,27192201,"sensitivity","n_per_moon=180;categorical_contamination=0;q_categorical_noise=0;moon_noise_sd=0.08;prop_nn=0.1;interaction_state=null","numeric_block_weight=0.5|numeric_block_weight=1|numeric_block_weight=2"
1105,"numeric_block_weight_sensitivity",2,5,27192301,"sensitivity","n_per_moon=180;categorical_contamination=0;q_categorical_noise=0;moon_noise_sd=0.08;prop_nn=0.1;interaction_state=null","numeric_block_weight=0.5|numeric_block_weight=1|numeric_block_weight=2"
1106,"numeric_block_weight_sensitivity",2,6,27192401,"sensitivity","n_per_moon=180;categorical_contamination=0;q_categorical_noise=0;moon_noise_sd=0.08;prop_nn=0.1;interaction_state=null","numeric_block_weight=0.5|numeric_block_weight=1|numeric_block_weight=2"
1107,"numeric_block_weight_sensitivity",2,7,27192501,"sensitivity","n_per_moon=180;categorical_contamination=0;q_categorical_noise=0;moon_noise_sd=0.08;prop_nn=0.1;interaction_state=null","numeric_block_weight=0.5|numeric_block_weight=1|numeric_block_weight=2"
1108,"numeric_block_weight_sensitivity",2,8,27192601,"sensitivity","n_per_moon=180;categorical_contamination=0;q_categorical_noise=0;moon_noise_sd=0.08;prop_nn=0.1;interaction_state=null","numeric_block_weight=0.5|numeric_block_weight=1|numeric_block_weight=2"
1109,"numeric_block_weight_sensitivity",2,9,27192701,"sensitivity","n_per_moon=180;categorical_contamination=0;q_categorical_noise=0;moon_noise_sd=0.08;prop_nn=0.1;interaction_state=null","numeric_block_weight=0.5|numeric_block_weight=1|numeric_block_weight=2"
1110,"numeric_block_weight_sensitivity",2,10,27192801,"sensitivity","n_per_moon=180;categorical_contamination=0;q_categorical_noise=0;moon_noise_sd=0.08;prop_nn=0.1;interaction_state=null","numeric_block_weight=0.5|numeric_block_weight=1|numeric_block_weight=2"
1111,"numeric_block_weight_sensitivity",2,11,27192901,"sensitivity","n_per_moon=180;categorical_contamination=0;q_categorical_noise=0;moon_noise_sd=0.08;prop_nn=0.1;interaction_state=null","numeric_block_weight=0.5|numeric_block_weight=1|numeric_block_weight=2"
1112,"numeric_block_weight_sensitivity",2,12,27193001,"sensitivity","n_per_moon=180;categorical_contamination=0;q_categorical_noise=0;moon_noise_sd=0.08;prop_nn=0.1;interaction_state=null","numeric_block_weight=0.5|numeric_block_weight=1|numeric_block_weight=2"
1113,"numeric_block_weight_sensitivity",2,13,27193101,"sensitivity","n_per_moon=180;categorical_contamination=0;q_categorical_noise=0;moon_noise_sd=0.08;prop_nn=0.1;interaction_state=null","numeric_block_weight=0.5|numeric_block_weight=1|numeric_block_weight=2"
1114,"numeric_block_weight_sensitivity",2,14,27193201,"sensitivity","n_per_moon=180;categorical_contamination=0;q_categorical_noise=0;moon_noise_sd=0.08;prop_nn=0.1;interaction_state=null","numeric_block_weight=0.5|numeric_block_weight=1|numeric_block_weight=2"
1115,"numeric_block_weight_sensitivity",2,15,27193301,"sensitivity","n_per_moon=180;categorical_contamination=0;q_categorical_noise=0;moon_noise_sd=0.08;prop_nn=0.1;interaction_state=null","numeric_block_weight=0.5|numeric_block_weight=1|numeric_block_weight=2"
1116,"numeric_block_weight_sensitivity",2,16,27193401,"sensitivity","n_per_moon=180;categorical_contamination=0;q_categorical_noise=0;moon_noise_sd=0.08;prop_nn=0.1;interaction_state=null","numeric_block_weight=0.5|numeric_block_weight=1|numeric_block_weight=2"
1117,"numeric_block_weight_sensitivity",2,17,27193501,"sensitivity","n_per_moon=180;categorical_contamination=0;q_categorical_noise=0;moon_noise_sd=0.08;prop_nn=0.1;interaction_state=null","numeric_block_weight=0.5|numeric_block_weight=1|numeric_block_weight=2"
1118,"numeric_block_weight_sensitivity",2,18,27193601,"sensitivity","n_per_moon=180;categorical_contamination=0;q_categorical_noise=0;moon_noise_sd=0.08;prop_nn=0.1;interaction_state=null","numeric_block_weight=0.5|numeric_block_weight=1|numeric_block_weight=2"
1119,"numeric_block_weight_sensitivity",2,19,27193701,"sensitivity","n_per_moon=180;categorical_contamination=0;q_categorical_noise=0;moon_noise_sd=0.08;prop_nn=0.1;interaction_state=null","numeric_block_weight=0.5|numeric_block_weight=1|numeric_block_weight=2"
1120,"numeric_block_weight_sensitivity",2,20,27193801,"sensitivity","n_per_moon=180;categorical_contamination=0;q_categorical_noise=0;moon_noise_sd=0.08;prop_nn=0.1;interaction_state=null","numeric_block_weight=0.5|numeric_block_weight=1|numeric_block_weight=2"
1121,"numeric_block_weight_sensitivity",2,21,27193901,"sensitivity","n_per_moon=180;categorical_contamination=0;q_categorical_noise=0;moon_noise_sd=0.08;prop_nn=0.1;interaction_state=null","numeric_block_weight=0.5|numeric_block_weight=1|numeric_block_weight=2"
1122,"numeric_block_weight_sensitivity",2,22,27194001,"sensitivity","n_per_moon=180;categorical_contamination=0;q_categorical_noise=0;moon_noise_sd=0.08;prop_nn=0.1;interaction_state=null","numeric_block_weight=0.5|numeric_block_weight=1|numeric_block_weight=2"
1123,"numeric_block_weight_sensitivity",2,23,27194101,"sensitivity","n_per_moon=180;categorical_contamination=0;q_categorical_noise=0;moon_noise_sd=0.08;prop_nn=0.1;interaction_state=null","numeric_block_weight=0.5|numeric_block_weight=1|numeric_block_weight=2"
1124,"numeric_block_weight_sensitivity",2,24,27194201,"sensitivity","n_per_moon=180;categorical_contamination=0;q_categorical_noise=0;moon_noise_sd=0.08;prop_nn=0.1;interaction_state=null","numeric_block_weight=0.5|numeric_block_weight=1|numeric_block_weight=2"
1125,"numeric_block_weight_sensitivity",2,25,27194301,"sensitivity","n_per_moon=180;categorical_contamination=0;q_categorical_noise=0;moon_noise_sd=0.08;prop_nn=0.1;interaction_state=null","numeric_block_weight=0.5|numeric_block_weight=1|numeric_block_weight=2"
1126,"numeric_block_weight_sensitivity",2,26,27194401,"sensitivity","n_per_moon=180;categorical_contamination=0;q_categorical_noise=0;moon_noise_sd=0.08;prop_nn=0.1;interaction_state=null","numeric_block_weight=0.5|numeric_block_weight=1|numeric_block_weight=2"
1127,"numeric_block_weight_sensitivity",2,27,27194501,"sensitivity","n_per_moon=180;categorical_contamination=0;q_categorical_noise=0;moon_noise_sd=0.08;prop_nn=0.1;interaction_state=null","numeric_block_weight=0.5|numeric_block_weight=1|numeric_block_weight=2"
1128,"numeric_block_weight_sensitivity",2,28,27194601,"sensitivity","n_per_moon=180;categorical_contamination=0;q_categorical_noise=0;moon_noise_sd=0.08;prop_nn=0.1;interaction_state=null","numeric_block_weight=0.5|numeric_block_weight=1|numeric_block_weight=2"
1129,"numeric_block_weight_sensitivity",2,29,27194701,"sensitivity","n_per_moon=180;categorical_contamination=0;q_categorical_noise=0;moon_noise_sd=0.08;prop_nn=0.1;interaction_state=null","numeric_block_weight=0.5|numeric_block_weight=1|numeric_block_weight=2"
1130,"numeric_block_weight_sensitivity",2,30,27194801,"sensitivity","n_per_moon=180;categorical_contamination=0;q_categorical_noise=0;moon_noise_sd=0.08;prop_nn=0.1;interaction_state=null","numeric_block_weight=0.5|numeric_block_weight=1|numeric_block_weight=2"
1131,"numeric_block_weight_sensitivity",2,31,27194901,"sensitivity","n_per_moon=180;categorical_contamination=0;q_categorical_noise=0;moon_noise_sd=0.08;prop_nn=0.1;interaction_state=null","numeric_block_weight=0.5|numeric_block_weight=1|numeric_block_weight=2"
1132,"numeric_block_weight_sensitivity",2,32,27195001,"sensitivity","n_per_moon=180;categorical_contamination=0;q_categorical_noise=0;moon_noise_sd=0.08;prop_nn=0.1;interaction_state=null","numeric_block_weight=0.5|numeric_block_weight=1|numeric_block_weight=2"
1133,"numeric_block_weight_sensitivity",2,33,27195101,"sensitivity","n_per_moon=180;categorical_contamination=0;q_categorical_noise=0;moon_noise_sd=0.08;prop_nn=0.1;interaction_state=null","numeric_block_weight=0.5|numeric_block_weight=1|numeric_block_weight=2"
1134,"numeric_block_weight_sensitivity",2,34,27195201,"sensitivity","n_per_moon=180;categorical_contamination=0;q_categorical_noise=0;moon_noise_sd=0.08;prop_nn=0.1;interaction_state=null","numeric_block_weight=0.5|numeric_block_weight=1|numeric_block_weight=2"
1135,"numeric_block_weight_sensitivity",2,35,27195301,"sensitivity","n_per_moon=180;categorical_contamination=0;q_categorical_noise=0;moon_noise_sd=0.08;prop_nn=0.1;interaction_state=null","numeric_block_weight=0.5|numeric_block_weight=1|numeric_block_weight=2"
1136,"numeric_block_weight_sensitivity",2,36,27195401,"sensitivity","n_per_moon=180;categorical_contamination=0;q_categorical_noise=0;moon_noise_sd=0.08;prop_nn=0.1;interaction_state=null","numeric_block_weight=0.5|numeric_block_weight=1|numeric_block_weight=2"
1137,"numeric_block_weight_sensitivity",2,37,27195501,"sensitivity","n_per_moon=180;categorical_contamination=0;q_categorical_noise=0;moon_noise_sd=0.08;prop_nn=0.1;interaction_state=null","numeric_block_weight=0.5|numeric_block_weight=1|numeric_block_weight=2"
1138,"numeric_block_weight_sensitivity",2,38,27195601,"sensitivity","n_per_moon=180;categorical_contamination=0;q_categorical_noise=0;moon_noise_sd=0.08;prop_nn=0.1;interaction_state=null","numeric_block_weight=0.5|numeric_block_weight=1|numeric_block_weight=2"
1139,"numeric_block_weight_sensitivity",2,39,27195701,"sensitivity","n_per_moon=180;categorical_contamination=0;q_categorical_noise=0;moon_noise_sd=0.08;prop_nn=0.1;interaction_state=null","numeric_block_weight=0.5|numeric_block_weight=1|numeric_block_weight=2"
1140,"numeric_block_weight_sensitivity",2,40,27195801,"sensitivity","n_per_moon=180;categorical_contamination=0;q_categorical_noise=0;moon_noise_sd=0.08;prop_nn=0.1;interaction_state=null","numeric_block_weight=0.5|numeric_block_weight=1|numeric_block_weight=2"
1141,"numeric_block_weight_sensitivity",2,41,27195901,"sensitivity","n_per_moon=180;categorical_contamination=0;q_categorical_noise=0;moon_noise_sd=0.08;prop_nn=0.1;interaction_state=null","numeric_block_weight=0.5|numeric_block_weight=1|numeric_block_weight=2"
1142,"numeric_block_weight_sensitivity",2,42,27196001,"sensitivity","n_per_moon=180;categorical_contamination=0;q_categorical_noise=0;moon_noise_sd=0.08;prop_nn=0.1;interaction_state=null","numeric_block_weight=0.5|numeric_block_weight=1|numeric_block_weight=2"
1143,"numeric_block_weight_sensitivity",2,43,27196101,"sensitivity","n_per_moon=180;categorical_contamination=0;q_categorical_noise=0;moon_noise_sd=0.08;prop_nn=0.1;interaction_state=null","numeric_block_weight=0.5|numeric_block_weight=1|numeric_block_weight=2"
1144,"numeric_block_weight_sensitivity",2,44,27196201,"sensitivity","n_per_moon=180;categorical_contamination=0;q_categorical_noise=0;moon_noise_sd=0.08;prop_nn=0.1;interaction_state=null","numeric_block_weight=0.5|numeric_block_weight=1|numeric_block_weight=2"
1145,"numeric_block_weight_sensitivity",2,45,27196301,"sensitivity","n_per_moon=180;categorical_contamination=0;q_categorical_noise=0;moon_noise_sd=0.08;prop_nn=0.1;interaction_state=null","numeric_block_weight=0.5|numeric_block_weight=1|numeric_block_weight=2"
1146,"numeric_block_weight_sensitivity",2,46,27196401,"sensitivity","n_per_moon=180;categorical_contamination=0;q_categorical_noise=0;moon_noise_sd=0.08;prop_nn=0.1;interaction_state=null","numeric_block_weight=0.5|numeric_block_weight=1|numeric_block_weight=2"
1147,"numeric_block_weight_sensitivity",2,47,27196501,"sensitivity","n_per_moon=180;categorical_contamination=0;q_categorical_noise=0;moon_noise_sd=0.08;prop_nn=0.1;interaction_state=null","numeric_block_weight=0.5|numeric_block_weight=1|numeric_block_weight=2"
1148,"numeric_block_weight_sensitivity",2,48,27196601,"sensitivity","n_per_moon=180;categorical_contamination=0;q_categorical_noise=0;moon_noise_sd=0.08;prop_nn=0.1;interaction_state=null","numeric_block_weight=0.5|numeric_block_weight=1|numeric_block_weight=2"
1149,"numeric_block_weight_sensitivity",2,49,27196701,"sensitivity","n_per_moon=180;categorical_contamination=0;q_categorical_noise=0;moon_noise_sd=0.08;prop_nn=0.1;interaction_state=null","numeric_block_weight=0.5|numeric_block_weight=1|numeric_block_weight=2"
1150,"numeric_block_weight_sensitivity",2,50,27196801,"sensitivity","n_per_moon=180;categorical_contamination=0;q_categorical_noise=0;moon_noise_sd=0.08;prop_nn=0.1;interaction_state=null","numeric_block_weight=0.5|numeric_block_weight=1|numeric_block_weight=2"
1151,"submitted_sim1_balanced",1,1,27291901,"core","k=3;p_numeric_signal=15;p_numeric_noise=0;q_categorical=15;n=1000",""
1152,"submitted_sim1_balanced",1,2,27292001,"core","k=3;p_numeric_signal=15;p_numeric_noise=0;q_categorical=15;n=1000",""
1153,"submitted_sim1_balanced",1,3,27292101,"core","k=3;p_numeric_signal=15;p_numeric_noise=0;q_categorical=15;n=1000",""
1154,"submitted_sim1_balanced",1,4,27292201,"core","k=3;p_numeric_signal=15;p_numeric_noise=0;q_categorical=15;n=1000",""
1155,"submitted_sim1_balanced",1,5,27292301,"core","k=3;p_numeric_signal=15;p_numeric_noise=0;q_categorical=15;n=1000",""
1156,"submitted_sim1_balanced",1,6,27292401,"core","k=3;p_numeric_signal=15;p_numeric_noise=0;q_categorical=15;n=1000",""
1157,"submitted_sim1_balanced",1,7,27292501,"core","k=3;p_numeric_signal=15;p_numeric_noise=0;q_categorical=15;n=1000",""
1158,"submitted_sim1_balanced",1,8,27292601,"core","k=3;p_numeric_signal=15;p_numeric_noise=0;q_categorical=15;n=1000",""
1159,"submitted_sim1_balanced",1,9,27292701,"core","k=3;p_numeric_signal=15;p_numeric_noise=0;q_categorical=15;n=1000",""
1160,"submitted_sim1_balanced",1,10,27292801,"core","k=3;p_numeric_signal=15;p_numeric_noise=0;q_categorical=15;n=1000",""
1161,"submitted_sim1_balanced",1,11,27292901,"core","k=3;p_numeric_signal=15;p_numeric_noise=0;q_categorical=15;n=1000",""
1162,"submitted_sim1_balanced",1,12,27293001,"core","k=3;p_numeric_signal=15;p_numeric_noise=0;q_categorical=15;n=1000",""
1163,"submitted_sim1_balanced",1,13,27293101,"core","k=3;p_numeric_signal=15;p_numeric_noise=0;q_categorical=15;n=1000",""
1164,"submitted_sim1_balanced",1,14,27293201,"core","k=3;p_numeric_signal=15;p_numeric_noise=0;q_categorical=15;n=1000",""
1165,"submitted_sim1_balanced",1,15,27293301,"core","k=3;p_numeric_signal=15;p_numeric_noise=0;q_categorical=15;n=1000",""
1166,"submitted_sim1_balanced",1,16,27293401,"core","k=3;p_numeric_signal=15;p_numeric_noise=0;q_categorical=15;n=1000",""
1167,"submitted_sim1_balanced",1,17,27293501,"core","k=3;p_numeric_signal=15;p_numeric_noise=0;q_categorical=15;n=1000",""
1168,"submitted_sim1_balanced",1,18,27293601,"core","k=3;p_numeric_signal=15;p_numeric_noise=0;q_categorical=15;n=1000",""
1169,"submitted_sim1_balanced",1,19,27293701,"core","k=3;p_numeric_signal=15;p_numeric_noise=0;q_categorical=15;n=1000",""
1170,"submitted_sim1_balanced",1,20,27293801,"core","k=3;p_numeric_signal=15;p_numeric_noise=0;q_categorical=15;n=1000",""
1171,"submitted_sim1_balanced",1,21,27293901,"core","k=3;p_numeric_signal=15;p_numeric_noise=0;q_categorical=15;n=1000",""
1172,"submitted_sim1_balanced",1,22,27294001,"core","k=3;p_numeric_signal=15;p_numeric_noise=0;q_categorical=15;n=1000",""
1173,"submitted_sim1_balanced",1,23,27294101,"core","k=3;p_numeric_signal=15;p_numeric_noise=0;q_categorical=15;n=1000",""
1174,"submitted_sim1_balanced",1,24,27294201,"core","k=3;p_numeric_signal=15;p_numeric_noise=0;q_categorical=15;n=1000",""
1175,"submitted_sim1_balanced",1,25,27294301,"core","k=3;p_numeric_signal=15;p_numeric_noise=0;q_categorical=15;n=1000",""
1176,"submitted_sim1_balanced",1,26,27294401,"core","k=3;p_numeric_signal=15;p_numeric_noise=0;q_categorical=15;n=1000",""
1177,"submitted_sim1_balanced",1,27,27294501,"core","k=3;p_numeric_signal=15;p_numeric_noise=0;q_categorical=15;n=1000",""
1178,"submitted_sim1_balanced",1,28,27294601,"core","k=3;p_numeric_signal=15;p_numeric_noise=0;q_categorical=15;n=1000",""
1179,"submitted_sim1_balanced",1,29,27294701,"core","k=3;p_numeric_signal=15;p_numeric_noise=0;q_categorical=15;n=1000",""
1180,"submitted_sim1_balanced",1,30,27294801,"core","k=3;p_numeric_signal=15;p_numeric_noise=0;q_categorical=15;n=1000",""
1181,"submitted_sim1_balanced",1,31,27294901,"core","k=3;p_numeric_signal=15;p_numeric_noise=0;q_categorical=15;n=1000",""
1182,"submitted_sim1_balanced",1,32,27295001,"core","k=3;p_numeric_signal=15;p_numeric_noise=0;q_categorical=15;n=1000",""
1183,"submitted_sim1_balanced",1,33,27295101,"core","k=3;p_numeric_signal=15;p_numeric_noise=0;q_categorical=15;n=1000",""
1184,"submitted_sim1_balanced",1,34,27295201,"core","k=3;p_numeric_signal=15;p_numeric_noise=0;q_categorical=15;n=1000",""
1185,"submitted_sim1_balanced",1,35,27295301,"core","k=3;p_numeric_signal=15;p_numeric_noise=0;q_categorical=15;n=1000",""
1186,"submitted_sim1_balanced",1,36,27295401,"core","k=3;p_numeric_signal=15;p_numeric_noise=0;q_categorical=15;n=1000",""
1187,"submitted_sim1_balanced",1,37,27295501,"core","k=3;p_numeric_signal=15;p_numeric_noise=0;q_categorical=15;n=1000",""
1188,"submitted_sim1_balanced",1,38,27295601,"core","k=3;p_numeric_signal=15;p_numeric_noise=0;q_categorical=15;n=1000",""
1189,"submitted_sim1_balanced",1,39,27295701,"core","k=3;p_numeric_signal=15;p_numeric_noise=0;q_categorical=15;n=1000",""
1190,"submitted_sim1_balanced",1,40,27295801,"core","k=3;p_numeric_signal=15;p_numeric_noise=0;q_categorical=15;n=1000",""
1191,"submitted_sim1_balanced",1,41,27295901,"core","k=3;p_numeric_signal=15;p_numeric_noise=0;q_categorical=15;n=1000",""
1192,"submitted_sim1_balanced",1,42,27296001,"core","k=3;p_numeric_signal=15;p_numeric_noise=0;q_categorical=15;n=1000",""
1193,"submitted_sim1_balanced",1,43,27296101,"core","k=3;p_numeric_signal=15;p_numeric_noise=0;q_categorical=15;n=1000",""
1194,"submitted_sim1_balanced",1,44,27296201,"core","k=3;p_numeric_signal=15;p_numeric_noise=0;q_categorical=15;n=1000",""
1195,"submitted_sim1_balanced",1,45,27296301,"core","k=3;p_numeric_signal=15;p_numeric_noise=0;q_categorical=15;n=1000",""
1196,"submitted_sim1_balanced",1,46,27296401,"core","k=3;p_numeric_signal=15;p_numeric_noise=0;q_categorical=15;n=1000",""
1197,"submitted_sim1_balanced",1,47,27296501,"core","k=3;p_numeric_signal=15;p_numeric_noise=0;q_categorical=15;n=1000",""
1198,"submitted_sim1_balanced",1,48,27296601,"core","k=3;p_numeric_signal=15;p_numeric_noise=0;q_categorical=15;n=1000",""
1199,"submitted_sim1_balanced",1,49,27296701,"core","k=3;p_numeric_signal=15;p_numeric_noise=0;q_categorical=15;n=1000",""
1200,"submitted_sim1_balanced",1,50,27296801,"core","k=3;p_numeric_signal=15;p_numeric_noise=0;q_categorical=15;n=1000",""
1201,"submitted_sim1_balanced",2,1,27291901,"core","k=3;p_numeric_signal=15;p_numeric_noise=0;q_categorical=15;n=2000",""
1202,"submitted_sim1_balanced",2,2,27292001,"core","k=3;p_numeric_signal=15;p_numeric_noise=0;q_categorical=15;n=2000",""
1203,"submitted_sim1_balanced",2,3,27292101,"core","k=3;p_numeric_signal=15;p_numeric_noise=0;q_categorical=15;n=2000",""
1204,"submitted_sim1_balanced",2,4,27292201,"core","k=3;p_numeric_signal=15;p_numeric_noise=0;q_categorical=15;n=2000",""
1205,"submitted_sim1_balanced",2,5,27292301,"core","k=3;p_numeric_signal=15;p_numeric_noise=0;q_categorical=15;n=2000",""
1206,"submitted_sim1_balanced",2,6,27292401,"core","k=3;p_numeric_signal=15;p_numeric_noise=0;q_categorical=15;n=2000",""
1207,"submitted_sim1_balanced",2,7,27292501,"core","k=3;p_numeric_signal=15;p_numeric_noise=0;q_categorical=15;n=2000",""
1208,"submitted_sim1_balanced",2,8,27292601,"core","k=3;p_numeric_signal=15;p_numeric_noise=0;q_categorical=15;n=2000",""
1209,"submitted_sim1_balanced",2,9,27292701,"core","k=3;p_numeric_signal=15;p_numeric_noise=0;q_categorical=15;n=2000",""
1210,"submitted_sim1_balanced",2,10,27292801,"core","k=3;p_numeric_signal=15;p_numeric_noise=0;q_categorical=15;n=2000",""
1211,"submitted_sim1_balanced",2,11,27292901,"core","k=3;p_numeric_signal=15;p_numeric_noise=0;q_categorical=15;n=2000",""
1212,"submitted_sim1_balanced",2,12,27293001,"core","k=3;p_numeric_signal=15;p_numeric_noise=0;q_categorical=15;n=2000",""
1213,"submitted_sim1_balanced",2,13,27293101,"core","k=3;p_numeric_signal=15;p_numeric_noise=0;q_categorical=15;n=2000",""
1214,"submitted_sim1_balanced",2,14,27293201,"core","k=3;p_numeric_signal=15;p_numeric_noise=0;q_categorical=15;n=2000",""
1215,"submitted_sim1_balanced",2,15,27293301,"core","k=3;p_numeric_signal=15;p_numeric_noise=0;q_categorical=15;n=2000",""
1216,"submitted_sim1_balanced",2,16,27293401,"core","k=3;p_numeric_signal=15;p_numeric_noise=0;q_categorical=15;n=2000",""
1217,"submitted_sim1_balanced",2,17,27293501,"core","k=3;p_numeric_signal=15;p_numeric_noise=0;q_categorical=15;n=2000",""
1218,"submitted_sim1_balanced",2,18,27293601,"core","k=3;p_numeric_signal=15;p_numeric_noise=0;q_categorical=15;n=2000",""
1219,"submitted_sim1_balanced",2,19,27293701,"core","k=3;p_numeric_signal=15;p_numeric_noise=0;q_categorical=15;n=2000",""
1220,"submitted_sim1_balanced",2,20,27293801,"core","k=3;p_numeric_signal=15;p_numeric_noise=0;q_categorical=15;n=2000",""
1221,"submitted_sim1_balanced",2,21,27293901,"core","k=3;p_numeric_signal=15;p_numeric_noise=0;q_categorical=15;n=2000",""
1222,"submitted_sim1_balanced",2,22,27294001,"core","k=3;p_numeric_signal=15;p_numeric_noise=0;q_categorical=15;n=2000",""
1223,"submitted_sim1_balanced",2,23,27294101,"core","k=3;p_numeric_signal=15;p_numeric_noise=0;q_categorical=15;n=2000",""
1224,"submitted_sim1_balanced",2,24,27294201,"core","k=3;p_numeric_signal=15;p_numeric_noise=0;q_categorical=15;n=2000",""
1225,"submitted_sim1_balanced",2,25,27294301,"core","k=3;p_numeric_signal=15;p_numeric_noise=0;q_categorical=15;n=2000",""
1226,"submitted_sim1_balanced",2,26,27294401,"core","k=3;p_numeric_signal=15;p_numeric_noise=0;q_categorical=15;n=2000",""
1227,"submitted_sim1_balanced",2,27,27294501,"core","k=3;p_numeric_signal=15;p_numeric_noise=0;q_categorical=15;n=2000",""
1228,"submitted_sim1_balanced",2,28,27294601,"core","k=3;p_numeric_signal=15;p_numeric_noise=0;q_categorical=15;n=2000",""
1229,"submitted_sim1_balanced",2,29,27294701,"core","k=3;p_numeric_signal=15;p_numeric_noise=0;q_categorical=15;n=2000",""
1230,"submitted_sim1_balanced",2,30,27294801,"core","k=3;p_numeric_signal=15;p_numeric_noise=0;q_categorical=15;n=2000",""
1231,"submitted_sim1_balanced",2,31,27294901,"core","k=3;p_numeric_signal=15;p_numeric_noise=0;q_categorical=15;n=2000",""
1232,"submitted_sim1_balanced",2,32,27295001,"core","k=3;p_numeric_signal=15;p_numeric_noise=0;q_categorical=15;n=2000",""
1233,"submitted_sim1_balanced",2,33,27295101,"core","k=3;p_numeric_signal=15;p_numeric_noise=0;q_categorical=15;n=2000",""
1234,"submitted_sim1_balanced",2,34,27295201,"core","k=3;p_numeric_signal=15;p_numeric_noise=0;q_categorical=15;n=2000",""
1235,"submitted_sim1_balanced",2,35,27295301,"core","k=3;p_numeric_signal=15;p_numeric_noise=0;q_categorical=15;n=2000",""
1236,"submitted_sim1_balanced",2,36,27295401,"core","k=3;p_numeric_signal=15;p_numeric_noise=0;q_categorical=15;n=2000",""
1237,"submitted_sim1_balanced",2,37,27295501,"core","k=3;p_numeric_signal=15;p_numeric_noise=0;q_categorical=15;n=2000",""
1238,"submitted_sim1_balanced",2,38,27295601,"core","k=3;p_numeric_signal=15;p_numeric_noise=0;q_categorical=15;n=2000",""
1239,"submitted_sim1_balanced",2,39,27295701,"core","k=3;p_numeric_signal=15;p_numeric_noise=0;q_categorical=15;n=2000",""
1240,"submitted_sim1_balanced",2,40,27295801,"core","k=3;p_numeric_signal=15;p_numeric_noise=0;q_categorical=15;n=2000",""
1241,"submitted_sim1_balanced",2,41,27295901,"core","k=3;p_numeric_signal=15;p_numeric_noise=0;q_categorical=15;n=2000",""
1242,"submitted_sim1_balanced",2,42,27296001,"core","k=3;p_numeric_signal=15;p_numeric_noise=0;q_categorical=15;n=2000",""
1243,"submitted_sim1_balanced",2,43,27296101,"core","k=3;p_numeric_signal=15;p_numeric_noise=0;q_categorical=15;n=2000",""
1244,"submitted_sim1_balanced",2,44,27296201,"core","k=3;p_numeric_signal=15;p_numeric_noise=0;q_categorical=15;n=2000",""
1245,"submitted_sim1_balanced",2,45,27296301,"core","k=3;p_numeric_signal=15;p_numeric_noise=0;q_categorical=15;n=2000",""
1246,"submitted_sim1_balanced",2,46,27296401,"core","k=3;p_numeric_signal=15;p_numeric_noise=0;q_categorical=15;n=2000",""
1247,"submitted_sim1_balanced",2,47,27296501,"core","k=3;p_numeric_signal=15;p_numeric_noise=0;q_categorical=15;n=2000",""
1248,"submitted_sim1_balanced",2,48,27296601,"core","k=3;p_numeric_signal=15;p_numeric_noise=0;q_categorical=15;n=2000",""
1249,"submitted_sim1_balanced",2,49,27296701,"core","k=3;p_numeric_signal=15;p_numeric_noise=0;q_categorical=15;n=2000",""
1250,"submitted_sim1_balanced",2,50,27296801,"core","k=3;p_numeric_signal=15;p_numeric_noise=0;q_categorical=15;n=2000",""
1251,"submitted_sim1_categorical_dominant",1,1,27391901,"core","k=3;p_numeric_signal=10;p_numeric_noise=0;q_categorical=20;n=1000",""
1252,"submitted_sim1_categorical_dominant",1,2,27392001,"core","k=3;p_numeric_signal=10;p_numeric_noise=0;q_categorical=20;n=1000",""
1253,"submitted_sim1_categorical_dominant",1,3,27392101,"core","k=3;p_numeric_signal=10;p_numeric_noise=0;q_categorical=20;n=1000",""
1254,"submitted_sim1_categorical_dominant",1,4,27392201,"core","k=3;p_numeric_signal=10;p_numeric_noise=0;q_categorical=20;n=1000",""
1255,"submitted_sim1_categorical_dominant",1,5,27392301,"core","k=3;p_numeric_signal=10;p_numeric_noise=0;q_categorical=20;n=1000",""
1256,"submitted_sim1_categorical_dominant",1,6,27392401,"core","k=3;p_numeric_signal=10;p_numeric_noise=0;q_categorical=20;n=1000",""
1257,"submitted_sim1_categorical_dominant",1,7,27392501,"core","k=3;p_numeric_signal=10;p_numeric_noise=0;q_categorical=20;n=1000",""
1258,"submitted_sim1_categorical_dominant",1,8,27392601,"core","k=3;p_numeric_signal=10;p_numeric_noise=0;q_categorical=20;n=1000",""
1259,"submitted_sim1_categorical_dominant",1,9,27392701,"core","k=3;p_numeric_signal=10;p_numeric_noise=0;q_categorical=20;n=1000",""
1260,"submitted_sim1_categorical_dominant",1,10,27392801,"core","k=3;p_numeric_signal=10;p_numeric_noise=0;q_categorical=20;n=1000",""
1261,"submitted_sim1_categorical_dominant",1,11,27392901,"core","k=3;p_numeric_signal=10;p_numeric_noise=0;q_categorical=20;n=1000",""
1262,"submitted_sim1_categorical_dominant",1,12,27393001,"core","k=3;p_numeric_signal=10;p_numeric_noise=0;q_categorical=20;n=1000",""
1263,"submitted_sim1_categorical_dominant",1,13,27393101,"core","k=3;p_numeric_signal=10;p_numeric_noise=0;q_categorical=20;n=1000",""
1264,"submitted_sim1_categorical_dominant",1,14,27393201,"core","k=3;p_numeric_signal=10;p_numeric_noise=0;q_categorical=20;n=1000",""
1265,"submitted_sim1_categorical_dominant",1,15,27393301,"core","k=3;p_numeric_signal=10;p_numeric_noise=0;q_categorical=20;n=1000",""
1266,"submitted_sim1_categorical_dominant",1,16,27393401,"core","k=3;p_numeric_signal=10;p_numeric_noise=0;q_categorical=20;n=1000",""
1267,"submitted_sim1_categorical_dominant",1,17,27393501,"core","k=3;p_numeric_signal=10;p_numeric_noise=0;q_categorical=20;n=1000",""
1268,"submitted_sim1_categorical_dominant",1,18,27393601,"core","k=3;p_numeric_signal=10;p_numeric_noise=0;q_categorical=20;n=1000",""
1269,"submitted_sim1_categorical_dominant",1,19,27393701,"core","k=3;p_numeric_signal=10;p_numeric_noise=0;q_categorical=20;n=1000",""
1270,"submitted_sim1_categorical_dominant",1,20,27393801,"core","k=3;p_numeric_signal=10;p_numeric_noise=0;q_categorical=20;n=1000",""
1271,"submitted_sim1_categorical_dominant",1,21,27393901,"core","k=3;p_numeric_signal=10;p_numeric_noise=0;q_categorical=20;n=1000",""
1272,"submitted_sim1_categorical_dominant",1,22,27394001,"core","k=3;p_numeric_signal=10;p_numeric_noise=0;q_categorical=20;n=1000",""
1273,"submitted_sim1_categorical_dominant",1,23,27394101,"core","k=3;p_numeric_signal=10;p_numeric_noise=0;q_categorical=20;n=1000",""
1274,"submitted_sim1_categorical_dominant",1,24,27394201,"core","k=3;p_numeric_signal=10;p_numeric_noise=0;q_categorical=20;n=1000",""
1275,"submitted_sim1_categorical_dominant",1,25,27394301,"core","k=3;p_numeric_signal=10;p_numeric_noise=0;q_categorical=20;n=1000",""
1276,"submitted_sim1_categorical_dominant",1,26,27394401,"core","k=3;p_numeric_signal=10;p_numeric_noise=0;q_categorical=20;n=1000",""
1277,"submitted_sim1_categorical_dominant",1,27,27394501,"core","k=3;p_numeric_signal=10;p_numeric_noise=0;q_categorical=20;n=1000",""
1278,"submitted_sim1_categorical_dominant",1,28,27394601,"core","k=3;p_numeric_signal=10;p_numeric_noise=0;q_categorical=20;n=1000",""
1279,"submitted_sim1_categorical_dominant",1,29,27394701,"core","k=3;p_numeric_signal=10;p_numeric_noise=0;q_categorical=20;n=1000",""
1280,"submitted_sim1_categorical_dominant",1,30,27394801,"core","k=3;p_numeric_signal=10;p_numeric_noise=0;q_categorical=20;n=1000",""
1281,"submitted_sim1_categorical_dominant",1,31,27394901,"core","k=3;p_numeric_signal=10;p_numeric_noise=0;q_categorical=20;n=1000",""
1282,"submitted_sim1_categorical_dominant",1,32,27395001,"core","k=3;p_numeric_signal=10;p_numeric_noise=0;q_categorical=20;n=1000",""
1283,"submitted_sim1_categorical_dominant",1,33,27395101,"core","k=3;p_numeric_signal=10;p_numeric_noise=0;q_categorical=20;n=1000",""
1284,"submitted_sim1_categorical_dominant",1,34,27395201,"core","k=3;p_numeric_signal=10;p_numeric_noise=0;q_categorical=20;n=1000",""
1285,"submitted_sim1_categorical_dominant",1,35,27395301,"core","k=3;p_numeric_signal=10;p_numeric_noise=0;q_categorical=20;n=1000",""
1286,"submitted_sim1_categorical_dominant",1,36,27395401,"core","k=3;p_numeric_signal=10;p_numeric_noise=0;q_categorical=20;n=1000",""
1287,"submitted_sim1_categorical_dominant",1,37,27395501,"core","k=3;p_numeric_signal=10;p_numeric_noise=0;q_categorical=20;n=1000",""
1288,"submitted_sim1_categorical_dominant",1,38,27395601,"core","k=3;p_numeric_signal=10;p_numeric_noise=0;q_categorical=20;n=1000",""
1289,"submitted_sim1_categorical_dominant",1,39,27395701,"core","k=3;p_numeric_signal=10;p_numeric_noise=0;q_categorical=20;n=1000",""
1290,"submitted_sim1_categorical_dominant",1,40,27395801,"core","k=3;p_numeric_signal=10;p_numeric_noise=0;q_categorical=20;n=1000",""
1291,"submitted_sim1_categorical_dominant",1,41,27395901,"core","k=3;p_numeric_signal=10;p_numeric_noise=0;q_categorical=20;n=1000",""
1292,"submitted_sim1_categorical_dominant",1,42,27396001,"core","k=3;p_numeric_signal=10;p_numeric_noise=0;q_categorical=20;n=1000",""
1293,"submitted_sim1_categorical_dominant",1,43,27396101,"core","k=3;p_numeric_signal=10;p_numeric_noise=0;q_categorical=20;n=1000",""
1294,"submitted_sim1_categorical_dominant",1,44,27396201,"core","k=3;p_numeric_signal=10;p_numeric_noise=0;q_categorical=20;n=1000",""
1295,"submitted_sim1_categorical_dominant",1,45,27396301,"core","k=3;p_numeric_signal=10;p_numeric_noise=0;q_categorical=20;n=1000",""
1296,"submitted_sim1_categorical_dominant",1,46,27396401,"core","k=3;p_numeric_signal=10;p_numeric_noise=0;q_categorical=20;n=1000",""
1297,"submitted_sim1_categorical_dominant",1,47,27396501,"core","k=3;p_numeric_signal=10;p_numeric_noise=0;q_categorical=20;n=1000",""
1298,"submitted_sim1_categorical_dominant",1,48,27396601,"core","k=3;p_numeric_signal=10;p_numeric_noise=0;q_categorical=20;n=1000",""
1299,"submitted_sim1_categorical_dominant",1,49,27396701,"core","k=3;p_numeric_signal=10;p_numeric_noise=0;q_categorical=20;n=1000",""
1300,"submitted_sim1_categorical_dominant",1,50,27396801,"core","k=3;p_numeric_signal=10;p_numeric_noise=0;q_categorical=20;n=1000",""
1301,"submitted_sim1_categorical_dominant",2,1,27391901,"core","k=3;p_numeric_signal=10;p_numeric_noise=0;q_categorical=20;n=2000",""
1302,"submitted_sim1_categorical_dominant",2,2,27392001,"core","k=3;p_numeric_signal=10;p_numeric_noise=0;q_categorical=20;n=2000",""
1303,"submitted_sim1_categorical_dominant",2,3,27392101,"core","k=3;p_numeric_signal=10;p_numeric_noise=0;q_categorical=20;n=2000",""
1304,"submitted_sim1_categorical_dominant",2,4,27392201,"core","k=3;p_numeric_signal=10;p_numeric_noise=0;q_categorical=20;n=2000",""
1305,"submitted_sim1_categorical_dominant",2,5,27392301,"core","k=3;p_numeric_signal=10;p_numeric_noise=0;q_categorical=20;n=2000",""
1306,"submitted_sim1_categorical_dominant",2,6,27392401,"core","k=3;p_numeric_signal=10;p_numeric_noise=0;q_categorical=20;n=2000",""
1307,"submitted_sim1_categorical_dominant",2,7,27392501,"core","k=3;p_numeric_signal=10;p_numeric_noise=0;q_categorical=20;n=2000",""
1308,"submitted_sim1_categorical_dominant",2,8,27392601,"core","k=3;p_numeric_signal=10;p_numeric_noise=0;q_categorical=20;n=2000",""
1309,"submitted_sim1_categorical_dominant",2,9,27392701,"core","k=3;p_numeric_signal=10;p_numeric_noise=0;q_categorical=20;n=2000",""
1310,"submitted_sim1_categorical_dominant",2,10,27392801,"core","k=3;p_numeric_signal=10;p_numeric_noise=0;q_categorical=20;n=2000",""
1311,"submitted_sim1_categorical_dominant",2,11,27392901,"core","k=3;p_numeric_signal=10;p_numeric_noise=0;q_categorical=20;n=2000",""
1312,"submitted_sim1_categorical_dominant",2,12,27393001,"core","k=3;p_numeric_signal=10;p_numeric_noise=0;q_categorical=20;n=2000",""
1313,"submitted_sim1_categorical_dominant",2,13,27393101,"core","k=3;p_numeric_signal=10;p_numeric_noise=0;q_categorical=20;n=2000",""
1314,"submitted_sim1_categorical_dominant",2,14,27393201,"core","k=3;p_numeric_signal=10;p_numeric_noise=0;q_categorical=20;n=2000",""
1315,"submitted_sim1_categorical_dominant",2,15,27393301,"core","k=3;p_numeric_signal=10;p_numeric_noise=0;q_categorical=20;n=2000",""
1316,"submitted_sim1_categorical_dominant",2,16,27393401,"core","k=3;p_numeric_signal=10;p_numeric_noise=0;q_categorical=20;n=2000",""
1317,"submitted_sim1_categorical_dominant",2,17,27393501,"core","k=3;p_numeric_signal=10;p_numeric_noise=0;q_categorical=20;n=2000",""
1318,"submitted_sim1_categorical_dominant",2,18,27393601,"core","k=3;p_numeric_signal=10;p_numeric_noise=0;q_categorical=20;n=2000",""
1319,"submitted_sim1_categorical_dominant",2,19,27393701,"core","k=3;p_numeric_signal=10;p_numeric_noise=0;q_categorical=20;n=2000",""
1320,"submitted_sim1_categorical_dominant",2,20,27393801,"core","k=3;p_numeric_signal=10;p_numeric_noise=0;q_categorical=20;n=2000",""
1321,"submitted_sim1_categorical_dominant",2,21,27393901,"core","k=3;p_numeric_signal=10;p_numeric_noise=0;q_categorical=20;n=2000",""
1322,"submitted_sim1_categorical_dominant",2,22,27394001,"core","k=3;p_numeric_signal=10;p_numeric_noise=0;q_categorical=20;n=2000",""
1323,"submitted_sim1_categorical_dominant",2,23,27394101,"core","k=3;p_numeric_signal=10;p_numeric_noise=0;q_categorical=20;n=2000",""
1324,"submitted_sim1_categorical_dominant",2,24,27394201,"core","k=3;p_numeric_signal=10;p_numeric_noise=0;q_categorical=20;n=2000",""
1325,"submitted_sim1_categorical_dominant",2,25,27394301,"core","k=3;p_numeric_signal=10;p_numeric_noise=0;q_categorical=20;n=2000",""
1326,"submitted_sim1_categorical_dominant",2,26,27394401,"core","k=3;p_numeric_signal=10;p_numeric_noise=0;q_categorical=20;n=2000",""
1327,"submitted_sim1_categorical_dominant",2,27,27394501,"core","k=3;p_numeric_signal=10;p_numeric_noise=0;q_categorical=20;n=2000",""
1328,"submitted_sim1_categorical_dominant",2,28,27394601,"core","k=3;p_numeric_signal=10;p_numeric_noise=0;q_categorical=20;n=2000",""
1329,"submitted_sim1_categorical_dominant",2,29,27394701,"core","k=3;p_numeric_signal=10;p_numeric_noise=0;q_categorical=20;n=2000",""
1330,"submitted_sim1_categorical_dominant",2,30,27394801,"core","k=3;p_numeric_signal=10;p_numeric_noise=0;q_categorical=20;n=2000",""
1331,"submitted_sim1_categorical_dominant",2,31,27394901,"core","k=3;p_numeric_signal=10;p_numeric_noise=0;q_categorical=20;n=2000",""
1332,"submitted_sim1_categorical_dominant",2,32,27395001,"core","k=3;p_numeric_signal=10;p_numeric_noise=0;q_categorical=20;n=2000",""
1333,"submitted_sim1_categorical_dominant",2,33,27395101,"core","k=3;p_numeric_signal=10;p_numeric_noise=0;q_categorical=20;n=2000",""
1334,"submitted_sim1_categorical_dominant",2,34,27395201,"core","k=3;p_numeric_signal=10;p_numeric_noise=0;q_categorical=20;n=2000",""
1335,"submitted_sim1_categorical_dominant",2,35,27395301,"core","k=3;p_numeric_signal=10;p_numeric_noise=0;q_categorical=20;n=2000",""
1336,"submitted_sim1_categorical_dominant",2,36,27395401,"core","k=3;p_numeric_signal=10;p_numeric_noise=0;q_categorical=20;n=2000",""
1337,"submitted_sim1_categorical_dominant",2,37,27395501,"core","k=3;p_numeric_signal=10;p_numeric_noise=0;q_categorical=20;n=2000",""
1338,"submitted_sim1_categorical_dominant",2,38,27395601,"core","k=3;p_numeric_signal=10;p_numeric_noise=0;q_categorical=20;n=2000",""
1339,"submitted_sim1_categorical_dominant",2,39,27395701,"core","k=3;p_numeric_signal=10;p_numeric_noise=0;q_categorical=20;n=2000",""
1340,"submitted_sim1_categorical_dominant",2,40,27395801,"core","k=3;p_numeric_signal=10;p_numeric_noise=0;q_categorical=20;n=2000",""
1341,"submitted_sim1_categorical_dominant",2,41,27395901,"core","k=3;p_numeric_signal=10;p_numeric_noise=0;q_categorical=20;n=2000",""
1342,"submitted_sim1_categorical_dominant",2,42,27396001,"core","k=3;p_numeric_signal=10;p_numeric_noise=0;q_categorical=20;n=2000",""
1343,"submitted_sim1_categorical_dominant",2,43,27396101,"core","k=3;p_numeric_signal=10;p_numeric_noise=0;q_categorical=20;n=2000",""
1344,"submitted_sim1_categorical_dominant",2,44,27396201,"core","k=3;p_numeric_signal=10;p_numeric_noise=0;q_categorical=20;n=2000",""
1345,"submitted_sim1_categorical_dominant",2,45,27396301,"core","k=3;p_numeric_signal=10;p_numeric_noise=0;q_categorical=20;n=2000",""
1346,"submitted_sim1_categorical_dominant",2,46,27396401,"core","k=3;p_numeric_signal=10;p_numeric_noise=0;q_categorical=20;n=2000",""
1347,"submitted_sim1_categorical_dominant",2,47,27396501,"core","k=3;p_numeric_signal=10;p_numeric_noise=0;q_categorical=20;n=2000",""
1348,"submitted_sim1_categorical_dominant",2,48,27396601,"core","k=3;p_numeric_signal=10;p_numeric_noise=0;q_categorical=20;n=2000",""
1349,"submitted_sim1_categorical_dominant",2,49,27396701,"core","k=3;p_numeric_signal=10;p_numeric_noise=0;q_categorical=20;n=2000",""
1350,"submitted_sim1_categorical_dominant",2,50,27396801,"core","k=3;p_numeric_signal=10;p_numeric_noise=0;q_categorical=20;n=2000",""
1351,"submitted_sim1_numeric_dominant",1,1,27491901,"core","k=3;p_numeric_signal=20;p_numeric_noise=0;q_categorical=10;n=1000",""
1352,"submitted_sim1_numeric_dominant",1,2,27492001,"core","k=3;p_numeric_signal=20;p_numeric_noise=0;q_categorical=10;n=1000",""
1353,"submitted_sim1_numeric_dominant",1,3,27492101,"core","k=3;p_numeric_signal=20;p_numeric_noise=0;q_categorical=10;n=1000",""
1354,"submitted_sim1_numeric_dominant",1,4,27492201,"core","k=3;p_numeric_signal=20;p_numeric_noise=0;q_categorical=10;n=1000",""
1355,"submitted_sim1_numeric_dominant",1,5,27492301,"core","k=3;p_numeric_signal=20;p_numeric_noise=0;q_categorical=10;n=1000",""
1356,"submitted_sim1_numeric_dominant",1,6,27492401,"core","k=3;p_numeric_signal=20;p_numeric_noise=0;q_categorical=10;n=1000",""
1357,"submitted_sim1_numeric_dominant",1,7,27492501,"core","k=3;p_numeric_signal=20;p_numeric_noise=0;q_categorical=10;n=1000",""
1358,"submitted_sim1_numeric_dominant",1,8,27492601,"core","k=3;p_numeric_signal=20;p_numeric_noise=0;q_categorical=10;n=1000",""
1359,"submitted_sim1_numeric_dominant",1,9,27492701,"core","k=3;p_numeric_signal=20;p_numeric_noise=0;q_categorical=10;n=1000",""
1360,"submitted_sim1_numeric_dominant",1,10,27492801,"core","k=3;p_numeric_signal=20;p_numeric_noise=0;q_categorical=10;n=1000",""
1361,"submitted_sim1_numeric_dominant",1,11,27492901,"core","k=3;p_numeric_signal=20;p_numeric_noise=0;q_categorical=10;n=1000",""
1362,"submitted_sim1_numeric_dominant",1,12,27493001,"core","k=3;p_numeric_signal=20;p_numeric_noise=0;q_categorical=10;n=1000",""
1363,"submitted_sim1_numeric_dominant",1,13,27493101,"core","k=3;p_numeric_signal=20;p_numeric_noise=0;q_categorical=10;n=1000",""
1364,"submitted_sim1_numeric_dominant",1,14,27493201,"core","k=3;p_numeric_signal=20;p_numeric_noise=0;q_categorical=10;n=1000",""
1365,"submitted_sim1_numeric_dominant",1,15,27493301,"core","k=3;p_numeric_signal=20;p_numeric_noise=0;q_categorical=10;n=1000",""
1366,"submitted_sim1_numeric_dominant",1,16,27493401,"core","k=3;p_numeric_signal=20;p_numeric_noise=0;q_categorical=10;n=1000",""
1367,"submitted_sim1_numeric_dominant",1,17,27493501,"core","k=3;p_numeric_signal=20;p_numeric_noise=0;q_categorical=10;n=1000",""
1368,"submitted_sim1_numeric_dominant",1,18,27493601,"core","k=3;p_numeric_signal=20;p_numeric_noise=0;q_categorical=10;n=1000",""
1369,"submitted_sim1_numeric_dominant",1,19,27493701,"core","k=3;p_numeric_signal=20;p_numeric_noise=0;q_categorical=10;n=1000",""
1370,"submitted_sim1_numeric_dominant",1,20,27493801,"core","k=3;p_numeric_signal=20;p_numeric_noise=0;q_categorical=10;n=1000",""
1371,"submitted_sim1_numeric_dominant",1,21,27493901,"core","k=3;p_numeric_signal=20;p_numeric_noise=0;q_categorical=10;n=1000",""
1372,"submitted_sim1_numeric_dominant",1,22,27494001,"core","k=3;p_numeric_signal=20;p_numeric_noise=0;q_categorical=10;n=1000",""
1373,"submitted_sim1_numeric_dominant",1,23,27494101,"core","k=3;p_numeric_signal=20;p_numeric_noise=0;q_categorical=10;n=1000",""
1374,"submitted_sim1_numeric_dominant",1,24,27494201,"core","k=3;p_numeric_signal=20;p_numeric_noise=0;q_categorical=10;n=1000",""
1375,"submitted_sim1_numeric_dominant",1,25,27494301,"core","k=3;p_numeric_signal=20;p_numeric_noise=0;q_categorical=10;n=1000",""
1376,"submitted_sim1_numeric_dominant",1,26,27494401,"core","k=3;p_numeric_signal=20;p_numeric_noise=0;q_categorical=10;n=1000",""
1377,"submitted_sim1_numeric_dominant",1,27,27494501,"core","k=3;p_numeric_signal=20;p_numeric_noise=0;q_categorical=10;n=1000",""
1378,"submitted_sim1_numeric_dominant",1,28,27494601,"core","k=3;p_numeric_signal=20;p_numeric_noise=0;q_categorical=10;n=1000",""
1379,"submitted_sim1_numeric_dominant",1,29,27494701,"core","k=3;p_numeric_signal=20;p_numeric_noise=0;q_categorical=10;n=1000",""
1380,"submitted_sim1_numeric_dominant",1,30,27494801,"core","k=3;p_numeric_signal=20;p_numeric_noise=0;q_categorical=10;n=1000",""
1381,"submitted_sim1_numeric_dominant",1,31,27494901,"core","k=3;p_numeric_signal=20;p_numeric_noise=0;q_categorical=10;n=1000",""
1382,"submitted_sim1_numeric_dominant",1,32,27495001,"core","k=3;p_numeric_signal=20;p_numeric_noise=0;q_categorical=10;n=1000",""
1383,"submitted_sim1_numeric_dominant",1,33,27495101,"core","k=3;p_numeric_signal=20;p_numeric_noise=0;q_categorical=10;n=1000",""
1384,"submitted_sim1_numeric_dominant",1,34,27495201,"core","k=3;p_numeric_signal=20;p_numeric_noise=0;q_categorical=10;n=1000",""
1385,"submitted_sim1_numeric_dominant",1,35,27495301,"core","k=3;p_numeric_signal=20;p_numeric_noise=0;q_categorical=10;n=1000",""
1386,"submitted_sim1_numeric_dominant",1,36,27495401,"core","k=3;p_numeric_signal=20;p_numeric_noise=0;q_categorical=10;n=1000",""
1387,"submitted_sim1_numeric_dominant",1,37,27495501,"core","k=3;p_numeric_signal=20;p_numeric_noise=0;q_categorical=10;n=1000",""
1388,"submitted_sim1_numeric_dominant",1,38,27495601,"core","k=3;p_numeric_signal=20;p_numeric_noise=0;q_categorical=10;n=1000",""
1389,"submitted_sim1_numeric_dominant",1,39,27495701,"core","k=3;p_numeric_signal=20;p_numeric_noise=0;q_categorical=10;n=1000",""
1390,"submitted_sim1_numeric_dominant",1,40,27495801,"core","k=3;p_numeric_signal=20;p_numeric_noise=0;q_categorical=10;n=1000",""
1391,"submitted_sim1_numeric_dominant",1,41,27495901,"core","k=3;p_numeric_signal=20;p_numeric_noise=0;q_categorical=10;n=1000",""
1392,"submitted_sim1_numeric_dominant",1,42,27496001,"core","k=3;p_numeric_signal=20;p_numeric_noise=0;q_categorical=10;n=1000",""
1393,"submitted_sim1_numeric_dominant",1,43,27496101,"core","k=3;p_numeric_signal=20;p_numeric_noise=0;q_categorical=10;n=1000",""
1394,"submitted_sim1_numeric_dominant",1,44,27496201,"core","k=3;p_numeric_signal=20;p_numeric_noise=0;q_categorical=10;n=1000",""
1395,"submitted_sim1_numeric_dominant",1,45,27496301,"core","k=3;p_numeric_signal=20;p_numeric_noise=0;q_categorical=10;n=1000",""
1396,"submitted_sim1_numeric_dominant",1,46,27496401,"core","k=3;p_numeric_signal=20;p_numeric_noise=0;q_categorical=10;n=1000",""
1397,"submitted_sim1_numeric_dominant",1,47,27496501,"core","k=3;p_numeric_signal=20;p_numeric_noise=0;q_categorical=10;n=1000",""
1398,"submitted_sim1_numeric_dominant",1,48,27496601,"core","k=3;p_numeric_signal=20;p_numeric_noise=0;q_categorical=10;n=1000",""
1399,"submitted_sim1_numeric_dominant",1,49,27496701,"core","k=3;p_numeric_signal=20;p_numeric_noise=0;q_categorical=10;n=1000",""
1400,"submitted_sim1_numeric_dominant",1,50,27496801,"core","k=3;p_numeric_signal=20;p_numeric_noise=0;q_categorical=10;n=1000",""
1401,"submitted_sim1_numeric_dominant",2,1,27491901,"core","k=3;p_numeric_signal=20;p_numeric_noise=0;q_categorical=10;n=2000",""
1402,"submitted_sim1_numeric_dominant",2,2,27492001,"core","k=3;p_numeric_signal=20;p_numeric_noise=0;q_categorical=10;n=2000",""
1403,"submitted_sim1_numeric_dominant",2,3,27492101,"core","k=3;p_numeric_signal=20;p_numeric_noise=0;q_categorical=10;n=2000",""
1404,"submitted_sim1_numeric_dominant",2,4,27492201,"core","k=3;p_numeric_signal=20;p_numeric_noise=0;q_categorical=10;n=2000",""
1405,"submitted_sim1_numeric_dominant",2,5,27492301,"core","k=3;p_numeric_signal=20;p_numeric_noise=0;q_categorical=10;n=2000",""
1406,"submitted_sim1_numeric_dominant",2,6,27492401,"core","k=3;p_numeric_signal=20;p_numeric_noise=0;q_categorical=10;n=2000",""
1407,"submitted_sim1_numeric_dominant",2,7,27492501,"core","k=3;p_numeric_signal=20;p_numeric_noise=0;q_categorical=10;n=2000",""
1408,"submitted_sim1_numeric_dominant",2,8,27492601,"core","k=3;p_numeric_signal=20;p_numeric_noise=0;q_categorical=10;n=2000",""
1409,"submitted_sim1_numeric_dominant",2,9,27492701,"core","k=3;p_numeric_signal=20;p_numeric_noise=0;q_categorical=10;n=2000",""
1410,"submitted_sim1_numeric_dominant",2,10,27492801,"core","k=3;p_numeric_signal=20;p_numeric_noise=0;q_categorical=10;n=2000",""
1411,"submitted_sim1_numeric_dominant",2,11,27492901,"core","k=3;p_numeric_signal=20;p_numeric_noise=0;q_categorical=10;n=2000",""
1412,"submitted_sim1_numeric_dominant",2,12,27493001,"core","k=3;p_numeric_signal=20;p_numeric_noise=0;q_categorical=10;n=2000",""
1413,"submitted_sim1_numeric_dominant",2,13,27493101,"core","k=3;p_numeric_signal=20;p_numeric_noise=0;q_categorical=10;n=2000",""
1414,"submitted_sim1_numeric_dominant",2,14,27493201,"core","k=3;p_numeric_signal=20;p_numeric_noise=0;q_categorical=10;n=2000",""
1415,"submitted_sim1_numeric_dominant",2,15,27493301,"core","k=3;p_numeric_signal=20;p_numeric_noise=0;q_categorical=10;n=2000",""
1416,"submitted_sim1_numeric_dominant",2,16,27493401,"core","k=3;p_numeric_signal=20;p_numeric_noise=0;q_categorical=10;n=2000",""
1417,"submitted_sim1_numeric_dominant",2,17,27493501,"core","k=3;p_numeric_signal=20;p_numeric_noise=0;q_categorical=10;n=2000",""
1418,"submitted_sim1_numeric_dominant",2,18,27493601,"core","k=3;p_numeric_signal=20;p_numeric_noise=0;q_categorical=10;n=2000",""
1419,"submitted_sim1_numeric_dominant",2,19,27493701,"core","k=3;p_numeric_signal=20;p_numeric_noise=0;q_categorical=10;n=2000",""
1420,"submitted_sim1_numeric_dominant",2,20,27493801,"core","k=3;p_numeric_signal=20;p_numeric_noise=0;q_categorical=10;n=2000",""
1421,"submitted_sim1_numeric_dominant",2,21,27493901,"core","k=3;p_numeric_signal=20;p_numeric_noise=0;q_categorical=10;n=2000",""
1422,"submitted_sim1_numeric_dominant",2,22,27494001,"core","k=3;p_numeric_signal=20;p_numeric_noise=0;q_categorical=10;n=2000",""
1423,"submitted_sim1_numeric_dominant",2,23,27494101,"core","k=3;p_numeric_signal=20;p_numeric_noise=0;q_categorical=10;n=2000",""
1424,"submitted_sim1_numeric_dominant",2,24,27494201,"core","k=3;p_numeric_signal=20;p_numeric_noise=0;q_categorical=10;n=2000",""
1425,"submitted_sim1_numeric_dominant",2,25,27494301,"core","k=3;p_numeric_signal=20;p_numeric_noise=0;q_categorical=10;n=2000",""
1426,"submitted_sim1_numeric_dominant",2,26,27494401,"core","k=3;p_numeric_signal=20;p_numeric_noise=0;q_categorical=10;n=2000",""
1427,"submitted_sim1_numeric_dominant",2,27,27494501,"core","k=3;p_numeric_signal=20;p_numeric_noise=0;q_categorical=10;n=2000",""
1428,"submitted_sim1_numeric_dominant",2,28,27494601,"core","k=3;p_numeric_signal=20;p_numeric_noise=0;q_categorical=10;n=2000",""
1429,"submitted_sim1_numeric_dominant",2,29,27494701,"core","k=3;p_numeric_signal=20;p_numeric_noise=0;q_categorical=10;n=2000",""
1430,"submitted_sim1_numeric_dominant",2,30,27494801,"core","k=3;p_numeric_signal=20;p_numeric_noise=0;q_categorical=10;n=2000",""
1431,"submitted_sim1_numeric_dominant",2,31,27494901,"core","k=3;p_numeric_signal=20;p_numeric_noise=0;q_categorical=10;n=2000",""
1432,"submitted_sim1_numeric_dominant",2,32,27495001,"core","k=3;p_numeric_signal=20;p_numeric_noise=0;q_categorical=10;n=2000",""
1433,"submitted_sim1_numeric_dominant",2,33,27495101,"core","k=3;p_numeric_signal=20;p_numeric_noise=0;q_categorical=10;n=2000",""
1434,"submitted_sim1_numeric_dominant",2,34,27495201,"core","k=3;p_numeric_signal=20;p_numeric_noise=0;q_categorical=10;n=2000",""
1435,"submitted_sim1_numeric_dominant",2,35,27495301,"core","k=3;p_numeric_signal=20;p_numeric_noise=0;q_categorical=10;n=2000",""
1436,"submitted_sim1_numeric_dominant",2,36,27495401,"core","k=3;p_numeric_signal=20;p_numeric_noise=0;q_categorical=10;n=2000",""
1437,"submitted_sim1_numeric_dominant",2,37,27495501,"core","k=3;p_numeric_signal=20;p_numeric_noise=0;q_categorical=10;n=2000",""
1438,"submitted_sim1_numeric_dominant",2,38,27495601,"core","k=3;p_numeric_signal=20;p_numeric_noise=0;q_categorical=10;n=2000",""
1439,"submitted_sim1_numeric_dominant",2,39,27495701,"core","k=3;p_numeric_signal=20;p_numeric_noise=0;q_categorical=10;n=2000",""
1440,"submitted_sim1_numeric_dominant",2,40,27495801,"core","k=3;p_numeric_signal=20;p_numeric_noise=0;q_categorical=10;n=2000",""
1441,"submitted_sim1_numeric_dominant",2,41,27495901,"core","k=3;p_numeric_signal=20;p_numeric_noise=0;q_categorical=10;n=2000",""
1442,"submitted_sim1_numeric_dominant",2,42,27496001,"core","k=3;p_numeric_signal=20;p_numeric_noise=0;q_categorical=10;n=2000",""
1443,"submitted_sim1_numeric_dominant",2,43,27496101,"core","k=3;p_numeric_signal=20;p_numeric_noise=0;q_categorical=10;n=2000",""
1444,"submitted_sim1_numeric_dominant",2,44,27496201,"core","k=3;p_numeric_signal=20;p_numeric_noise=0;q_categorical=10;n=2000",""
1445,"submitted_sim1_numeric_dominant",2,45,27496301,"core","k=3;p_numeric_signal=20;p_numeric_noise=0;q_categorical=10;n=2000",""
1446,"submitted_sim1_numeric_dominant",2,46,27496401,"core","k=3;p_numeric_signal=20;p_numeric_noise=0;q_categorical=10;n=2000",""
1447,"submitted_sim1_numeric_dominant",2,47,27496501,"core","k=3;p_numeric_signal=20;p_numeric_noise=0;q_categorical=10;n=2000",""
1448,"submitted_sim1_numeric_dominant",2,48,27496601,"core","k=3;p_numeric_signal=20;p_numeric_noise=0;q_categorical=10;n=2000",""
1449,"submitted_sim1_numeric_dominant",2,49,27496701,"core","k=3;p_numeric_signal=20;p_numeric_noise=0;q_categorical=10;n=2000",""
1450,"submitted_sim1_numeric_dominant",2,50,27496801,"core","k=3;p_numeric_signal=20;p_numeric_noise=0;q_categorical=10;n=2000",""
1451,"submitted_sim1_numeric_noise",1,1,27591901,"core","k=3;p_numeric_signal=15;p_numeric_noise=5;q_categorical=15;n=1000",""
1452,"submitted_sim1_numeric_noise",1,2,27592001,"core","k=3;p_numeric_signal=15;p_numeric_noise=5;q_categorical=15;n=1000",""
1453,"submitted_sim1_numeric_noise",1,3,27592101,"core","k=3;p_numeric_signal=15;p_numeric_noise=5;q_categorical=15;n=1000",""
1454,"submitted_sim1_numeric_noise",1,4,27592201,"core","k=3;p_numeric_signal=15;p_numeric_noise=5;q_categorical=15;n=1000",""
1455,"submitted_sim1_numeric_noise",1,5,27592301,"core","k=3;p_numeric_signal=15;p_numeric_noise=5;q_categorical=15;n=1000",""
1456,"submitted_sim1_numeric_noise",1,6,27592401,"core","k=3;p_numeric_signal=15;p_numeric_noise=5;q_categorical=15;n=1000",""
1457,"submitted_sim1_numeric_noise",1,7,27592501,"core","k=3;p_numeric_signal=15;p_numeric_noise=5;q_categorical=15;n=1000",""
1458,"submitted_sim1_numeric_noise",1,8,27592601,"core","k=3;p_numeric_signal=15;p_numeric_noise=5;q_categorical=15;n=1000",""
1459,"submitted_sim1_numeric_noise",1,9,27592701,"core","k=3;p_numeric_signal=15;p_numeric_noise=5;q_categorical=15;n=1000",""
1460,"submitted_sim1_numeric_noise",1,10,27592801,"core","k=3;p_numeric_signal=15;p_numeric_noise=5;q_categorical=15;n=1000",""
1461,"submitted_sim1_numeric_noise",1,11,27592901,"core","k=3;p_numeric_signal=15;p_numeric_noise=5;q_categorical=15;n=1000",""
1462,"submitted_sim1_numeric_noise",1,12,27593001,"core","k=3;p_numeric_signal=15;p_numeric_noise=5;q_categorical=15;n=1000",""
1463,"submitted_sim1_numeric_noise",1,13,27593101,"core","k=3;p_numeric_signal=15;p_numeric_noise=5;q_categorical=15;n=1000",""
1464,"submitted_sim1_numeric_noise",1,14,27593201,"core","k=3;p_numeric_signal=15;p_numeric_noise=5;q_categorical=15;n=1000",""
1465,"submitted_sim1_numeric_noise",1,15,27593301,"core","k=3;p_numeric_signal=15;p_numeric_noise=5;q_categorical=15;n=1000",""
1466,"submitted_sim1_numeric_noise",1,16,27593401,"core","k=3;p_numeric_signal=15;p_numeric_noise=5;q_categorical=15;n=1000",""
1467,"submitted_sim1_numeric_noise",1,17,27593501,"core","k=3;p_numeric_signal=15;p_numeric_noise=5;q_categorical=15;n=1000",""
1468,"submitted_sim1_numeric_noise",1,18,27593601,"core","k=3;p_numeric_signal=15;p_numeric_noise=5;q_categorical=15;n=1000",""
1469,"submitted_sim1_numeric_noise",1,19,27593701,"core","k=3;p_numeric_signal=15;p_numeric_noise=5;q_categorical=15;n=1000",""
1470,"submitted_sim1_numeric_noise",1,20,27593801,"core","k=3;p_numeric_signal=15;p_numeric_noise=5;q_categorical=15;n=1000",""
1471,"submitted_sim1_numeric_noise",1,21,27593901,"core","k=3;p_numeric_signal=15;p_numeric_noise=5;q_categorical=15;n=1000",""
1472,"submitted_sim1_numeric_noise",1,22,27594001,"core","k=3;p_numeric_signal=15;p_numeric_noise=5;q_categorical=15;n=1000",""
1473,"submitted_sim1_numeric_noise",1,23,27594101,"core","k=3;p_numeric_signal=15;p_numeric_noise=5;q_categorical=15;n=1000",""
1474,"submitted_sim1_numeric_noise",1,24,27594201,"core","k=3;p_numeric_signal=15;p_numeric_noise=5;q_categorical=15;n=1000",""
1475,"submitted_sim1_numeric_noise",1,25,27594301,"core","k=3;p_numeric_signal=15;p_numeric_noise=5;q_categorical=15;n=1000",""
1476,"submitted_sim1_numeric_noise",1,26,27594401,"core","k=3;p_numeric_signal=15;p_numeric_noise=5;q_categorical=15;n=1000",""
1477,"submitted_sim1_numeric_noise",1,27,27594501,"core","k=3;p_numeric_signal=15;p_numeric_noise=5;q_categorical=15;n=1000",""
1478,"submitted_sim1_numeric_noise",1,28,27594601,"core","k=3;p_numeric_signal=15;p_numeric_noise=5;q_categorical=15;n=1000",""
1479,"submitted_sim1_numeric_noise",1,29,27594701,"core","k=3;p_numeric_signal=15;p_numeric_noise=5;q_categorical=15;n=1000",""
1480,"submitted_sim1_numeric_noise",1,30,27594801,"core","k=3;p_numeric_signal=15;p_numeric_noise=5;q_categorical=15;n=1000",""
1481,"submitted_sim1_numeric_noise",1,31,27594901,"core","k=3;p_numeric_signal=15;p_numeric_noise=5;q_categorical=15;n=1000",""
1482,"submitted_sim1_numeric_noise",1,32,27595001,"core","k=3;p_numeric_signal=15;p_numeric_noise=5;q_categorical=15;n=1000",""
1483,"submitted_sim1_numeric_noise",1,33,27595101,"core","k=3;p_numeric_signal=15;p_numeric_noise=5;q_categorical=15;n=1000",""
1484,"submitted_sim1_numeric_noise",1,34,27595201,"core","k=3;p_numeric_signal=15;p_numeric_noise=5;q_categorical=15;n=1000",""
1485,"submitted_sim1_numeric_noise",1,35,27595301,"core","k=3;p_numeric_signal=15;p_numeric_noise=5;q_categorical=15;n=1000",""
1486,"submitted_sim1_numeric_noise",1,36,27595401,"core","k=3;p_numeric_signal=15;p_numeric_noise=5;q_categorical=15;n=1000",""
1487,"submitted_sim1_numeric_noise",1,37,27595501,"core","k=3;p_numeric_signal=15;p_numeric_noise=5;q_categorical=15;n=1000",""
1488,"submitted_sim1_numeric_noise",1,38,27595601,"core","k=3;p_numeric_signal=15;p_numeric_noise=5;q_categorical=15;n=1000",""
1489,"submitted_sim1_numeric_noise",1,39,27595701,"core","k=3;p_numeric_signal=15;p_numeric_noise=5;q_categorical=15;n=1000",""
1490,"submitted_sim1_numeric_noise",1,40,27595801,"core","k=3;p_numeric_signal=15;p_numeric_noise=5;q_categorical=15;n=1000",""
1491,"submitted_sim1_numeric_noise",1,41,27595901,"core","k=3;p_numeric_signal=15;p_numeric_noise=5;q_categorical=15;n=1000",""
1492,"submitted_sim1_numeric_noise",1,42,27596001,"core","k=3;p_numeric_signal=15;p_numeric_noise=5;q_categorical=15;n=1000",""
1493,"submitted_sim1_numeric_noise",1,43,27596101,"core","k=3;p_numeric_signal=15;p_numeric_noise=5;q_categorical=15;n=1000",""
1494,"submitted_sim1_numeric_noise",1,44,27596201,"core","k=3;p_numeric_signal=15;p_numeric_noise=5;q_categorical=15;n=1000",""
1495,"submitted_sim1_numeric_noise",1,45,27596301,"core","k=3;p_numeric_signal=15;p_numeric_noise=5;q_categorical=15;n=1000",""
1496,"submitted_sim1_numeric_noise",1,46,27596401,"core","k=3;p_numeric_signal=15;p_numeric_noise=5;q_categorical=15;n=1000",""
1497,"submitted_sim1_numeric_noise",1,47,27596501,"core","k=3;p_numeric_signal=15;p_numeric_noise=5;q_categorical=15;n=1000",""
1498,"submitted_sim1_numeric_noise",1,48,27596601,"core","k=3;p_numeric_signal=15;p_numeric_noise=5;q_categorical=15;n=1000",""
1499,"submitted_sim1_numeric_noise",1,49,27596701,"core","k=3;p_numeric_signal=15;p_numeric_noise=5;q_categorical=15;n=1000",""
1500,"submitted_sim1_numeric_noise",1,50,27596801,"core","k=3;p_numeric_signal=15;p_numeric_noise=5;q_categorical=15;n=1000",""
1501,"submitted_sim1_numeric_noise",2,1,27591901,"core","k=3;p_numeric_signal=15;p_numeric_noise=5;q_categorical=15;n=2000",""
1502,"submitted_sim1_numeric_noise",2,2,27592001,"core","k=3;p_numeric_signal=15;p_numeric_noise=5;q_categorical=15;n=2000",""
1503,"submitted_sim1_numeric_noise",2,3,27592101,"core","k=3;p_numeric_signal=15;p_numeric_noise=5;q_categorical=15;n=2000",""
1504,"submitted_sim1_numeric_noise",2,4,27592201,"core","k=3;p_numeric_signal=15;p_numeric_noise=5;q_categorical=15;n=2000",""
1505,"submitted_sim1_numeric_noise",2,5,27592301,"core","k=3;p_numeric_signal=15;p_numeric_noise=5;q_categorical=15;n=2000",""
1506,"submitted_sim1_numeric_noise",2,6,27592401,"core","k=3;p_numeric_signal=15;p_numeric_noise=5;q_categorical=15;n=2000",""
1507,"submitted_sim1_numeric_noise",2,7,27592501,"core","k=3;p_numeric_signal=15;p_numeric_noise=5;q_categorical=15;n=2000",""
1508,"submitted_sim1_numeric_noise",2,8,27592601,"core","k=3;p_numeric_signal=15;p_numeric_noise=5;q_categorical=15;n=2000",""
1509,"submitted_sim1_numeric_noise",2,9,27592701,"core","k=3;p_numeric_signal=15;p_numeric_noise=5;q_categorical=15;n=2000",""
1510,"submitted_sim1_numeric_noise",2,10,27592801,"core","k=3;p_numeric_signal=15;p_numeric_noise=5;q_categorical=15;n=2000",""
1511,"submitted_sim1_numeric_noise",2,11,27592901,"core","k=3;p_numeric_signal=15;p_numeric_noise=5;q_categorical=15;n=2000",""
1512,"submitted_sim1_numeric_noise",2,12,27593001,"core","k=3;p_numeric_signal=15;p_numeric_noise=5;q_categorical=15;n=2000",""
1513,"submitted_sim1_numeric_noise",2,13,27593101,"core","k=3;p_numeric_signal=15;p_numeric_noise=5;q_categorical=15;n=2000",""
1514,"submitted_sim1_numeric_noise",2,14,27593201,"core","k=3;p_numeric_signal=15;p_numeric_noise=5;q_categorical=15;n=2000",""
1515,"submitted_sim1_numeric_noise",2,15,27593301,"core","k=3;p_numeric_signal=15;p_numeric_noise=5;q_categorical=15;n=2000",""
1516,"submitted_sim1_numeric_noise",2,16,27593401,"core","k=3;p_numeric_signal=15;p_numeric_noise=5;q_categorical=15;n=2000",""
1517,"submitted_sim1_numeric_noise",2,17,27593501,"core","k=3;p_numeric_signal=15;p_numeric_noise=5;q_categorical=15;n=2000",""
1518,"submitted_sim1_numeric_noise",2,18,27593601,"core","k=3;p_numeric_signal=15;p_numeric_noise=5;q_categorical=15;n=2000",""
1519,"submitted_sim1_numeric_noise",2,19,27593701,"core","k=3;p_numeric_signal=15;p_numeric_noise=5;q_categorical=15;n=2000",""
1520,"submitted_sim1_numeric_noise",2,20,27593801,"core","k=3;p_numeric_signal=15;p_numeric_noise=5;q_categorical=15;n=2000",""
1521,"submitted_sim1_numeric_noise",2,21,27593901,"core","k=3;p_numeric_signal=15;p_numeric_noise=5;q_categorical=15;n=2000",""
1522,"submitted_sim1_numeric_noise",2,22,27594001,"core","k=3;p_numeric_signal=15;p_numeric_noise=5;q_categorical=15;n=2000",""
1523,"submitted_sim1_numeric_noise",2,23,27594101,"core","k=3;p_numeric_signal=15;p_numeric_noise=5;q_categorical=15;n=2000",""
1524,"submitted_sim1_numeric_noise",2,24,27594201,"core","k=3;p_numeric_signal=15;p_numeric_noise=5;q_categorical=15;n=2000",""
1525,"submitted_sim1_numeric_noise",2,25,27594301,"core","k=3;p_numeric_signal=15;p_numeric_noise=5;q_categorical=15;n=2000",""
1526,"submitted_sim1_numeric_noise",2,26,27594401,"core","k=3;p_numeric_signal=15;p_numeric_noise=5;q_categorical=15;n=2000",""
1527,"submitted_sim1_numeric_noise",2,27,27594501,"core","k=3;p_numeric_signal=15;p_numeric_noise=5;q_categorical=15;n=2000",""
1528,"submitted_sim1_numeric_noise",2,28,27594601,"core","k=3;p_numeric_signal=15;p_numeric_noise=5;q_categorical=15;n=2000",""
1529,"submitted_sim1_numeric_noise",2,29,27594701,"core","k=3;p_numeric_signal=15;p_numeric_noise=5;q_categorical=15;n=2000",""
1530,"submitted_sim1_numeric_noise",2,30,27594801,"core","k=3;p_numeric_signal=15;p_numeric_noise=5;q_categorical=15;n=2000",""
1531,"submitted_sim1_numeric_noise",2,31,27594901,"core","k=3;p_numeric_signal=15;p_numeric_noise=5;q_categorical=15;n=2000",""
1532,"submitted_sim1_numeric_noise",2,32,27595001,"core","k=3;p_numeric_signal=15;p_numeric_noise=5;q_categorical=15;n=2000",""
1533,"submitted_sim1_numeric_noise",2,33,27595101,"core","k=3;p_numeric_signal=15;p_numeric_noise=5;q_categorical=15;n=2000",""
1534,"submitted_sim1_numeric_noise",2,34,27595201,"core","k=3;p_numeric_signal=15;p_numeric_noise=5;q_categorical=15;n=2000",""
1535,"submitted_sim1_numeric_noise",2,35,27595301,"core","k=3;p_numeric_signal=15;p_numeric_noise=5;q_categorical=15;n=2000",""
1536,"submitted_sim1_numeric_noise",2,36,27595401,"core","k=3;p_numeric_signal=15;p_numeric_noise=5;q_categorical=15;n=2000",""
1537,"submitted_sim1_numeric_noise",2,37,27595501,"core","k=3;p_numeric_signal=15;p_numeric_noise=5;q_categorical=15;n=2000",""
1538,"submitted_sim1_numeric_noise",2,38,27595601,"core","k=3;p_numeric_signal=15;p_numeric_noise=5;q_categorical=15;n=2000",""
1539,"submitted_sim1_numeric_noise",2,39,27595701,"core","k=3;p_numeric_signal=15;p_numeric_noise=5;q_categorical=15;n=2000",""
1540,"submitted_sim1_numeric_noise",2,40,27595801,"core","k=3;p_numeric_signal=15;p_numeric_noise=5;q_categorical=15;n=2000",""
1541,"submitted_sim1_numeric_noise",2,41,27595901,"core","k=3;p_numeric_signal=15;p_numeric_noise=5;q_categorical=15;n=2000",""
1542,"submitted_sim1_numeric_noise",2,42,27596001,"core","k=3;p_numeric_signal=15;p_numeric_noise=5;q_categorical=15;n=2000",""
1543,"submitted_sim1_numeric_noise",2,43,27596101,"core","k=3;p_numeric_signal=15;p_numeric_noise=5;q_categorical=15;n=2000",""
1544,"submitted_sim1_numeric_noise",2,44,27596201,"core","k=3;p_numeric_signal=15;p_numeric_noise=5;q_categorical=15;n=2000",""
1545,"submitted_sim1_numeric_noise",2,45,27596301,"core","k=3;p_numeric_signal=15;p_numeric_noise=5;q_categorical=15;n=2000",""
1546,"submitted_sim1_numeric_noise",2,46,27596401,"core","k=3;p_numeric_signal=15;p_numeric_noise=5;q_categorical=15;n=2000",""
1547,"submitted_sim1_numeric_noise",2,47,27596501,"core","k=3;p_numeric_signal=15;p_numeric_noise=5;q_categorical=15;n=2000",""
1548,"submitted_sim1_numeric_noise",2,48,27596601,"core","k=3;p_numeric_signal=15;p_numeric_noise=5;q_categorical=15;n=2000",""
1549,"submitted_sim1_numeric_noise",2,49,27596701,"core","k=3;p_numeric_signal=15;p_numeric_noise=5;q_categorical=15;n=2000",""
1550,"submitted_sim1_numeric_noise",2,50,27596801,"core","k=3;p_numeric_signal=15;p_numeric_noise=5;q_categorical=15;n=2000",""
1551,"submitted_sim2_interaction",1,1,27691901,"core","k=3;p_numeric=6;q_categorical=3;n=500",""
1552,"submitted_sim2_interaction",1,2,27692001,"core","k=3;p_numeric=6;q_categorical=3;n=500",""
1553,"submitted_sim2_interaction",1,3,27692101,"core","k=3;p_numeric=6;q_categorical=3;n=500",""
1554,"submitted_sim2_interaction",1,4,27692201,"core","k=3;p_numeric=6;q_categorical=3;n=500",""
1555,"submitted_sim2_interaction",1,5,27692301,"core","k=3;p_numeric=6;q_categorical=3;n=500",""
1556,"submitted_sim2_interaction",1,6,27692401,"core","k=3;p_numeric=6;q_categorical=3;n=500",""
1557,"submitted_sim2_interaction",1,7,27692501,"core","k=3;p_numeric=6;q_categorical=3;n=500",""
1558,"submitted_sim2_interaction",1,8,27692601,"core","k=3;p_numeric=6;q_categorical=3;n=500",""
1559,"submitted_sim2_interaction",1,9,27692701,"core","k=3;p_numeric=6;q_categorical=3;n=500",""
1560,"submitted_sim2_interaction",1,10,27692801,"core","k=3;p_numeric=6;q_categorical=3;n=500",""
1561,"submitted_sim2_interaction",1,11,27692901,"core","k=3;p_numeric=6;q_categorical=3;n=500",""
1562,"submitted_sim2_interaction",1,12,27693001,"core","k=3;p_numeric=6;q_categorical=3;n=500",""
1563,"submitted_sim2_interaction",1,13,27693101,"core","k=3;p_numeric=6;q_categorical=3;n=500",""
1564,"submitted_sim2_interaction",1,14,27693201,"core","k=3;p_numeric=6;q_categorical=3;n=500",""
1565,"submitted_sim2_interaction",1,15,27693301,"core","k=3;p_numeric=6;q_categorical=3;n=500",""
1566,"submitted_sim2_interaction",1,16,27693401,"core","k=3;p_numeric=6;q_categorical=3;n=500",""
1567,"submitted_sim2_interaction",1,17,27693501,"core","k=3;p_numeric=6;q_categorical=3;n=500",""
1568,"submitted_sim2_interaction",1,18,27693601,"core","k=3;p_numeric=6;q_categorical=3;n=500",""
1569,"submitted_sim2_interaction",1,19,27693701,"core","k=3;p_numeric=6;q_categorical=3;n=500",""
1570,"submitted_sim2_interaction",1,20,27693801,"core","k=3;p_numeric=6;q_categorical=3;n=500",""
1571,"submitted_sim2_interaction",1,21,27693901,"core","k=3;p_numeric=6;q_categorical=3;n=500",""
1572,"submitted_sim2_interaction",1,22,27694001,"core","k=3;p_numeric=6;q_categorical=3;n=500",""
1573,"submitted_sim2_interaction",1,23,27694101,"core","k=3;p_numeric=6;q_categorical=3;n=500",""
1574,"submitted_sim2_interaction",1,24,27694201,"core","k=3;p_numeric=6;q_categorical=3;n=500",""
1575,"submitted_sim2_interaction",1,25,27694301,"core","k=3;p_numeric=6;q_categorical=3;n=500",""
1576,"submitted_sim2_interaction",1,26,27694401,"core","k=3;p_numeric=6;q_categorical=3;n=500",""
1577,"submitted_sim2_interaction",1,27,27694501,"core","k=3;p_numeric=6;q_categorical=3;n=500",""
1578,"submitted_sim2_interaction",1,28,27694601,"core","k=3;p_numeric=6;q_categorical=3;n=500",""
1579,"submitted_sim2_interaction",1,29,27694701,"core","k=3;p_numeric=6;q_categorical=3;n=500",""
1580,"submitted_sim2_interaction",1,30,27694801,"core","k=3;p_numeric=6;q_categorical=3;n=500",""
1581,"submitted_sim2_interaction",1,31,27694901,"core","k=3;p_numeric=6;q_categorical=3;n=500",""
1582,"submitted_sim2_interaction",1,32,27695001,"core","k=3;p_numeric=6;q_categorical=3;n=500",""
1583,"submitted_sim2_interaction",1,33,27695101,"core","k=3;p_numeric=6;q_categorical=3;n=500",""
1584,"submitted_sim2_interaction",1,34,27695201,"core","k=3;p_numeric=6;q_categorical=3;n=500",""
1585,"submitted_sim2_interaction",1,35,27695301,"core","k=3;p_numeric=6;q_categorical=3;n=500",""
1586,"submitted_sim2_interaction",1,36,27695401,"core","k=3;p_numeric=6;q_categorical=3;n=500",""
1587,"submitted_sim2_interaction",1,37,27695501,"core","k=3;p_numeric=6;q_categorical=3;n=500",""
1588,"submitted_sim2_interaction",1,38,27695601,"core","k=3;p_numeric=6;q_categorical=3;n=500",""
1589,"submitted_sim2_interaction",1,39,27695701,"core","k=3;p_numeric=6;q_categorical=3;n=500",""
1590,"submitted_sim2_interaction",1,40,27695801,"core","k=3;p_numeric=6;q_categorical=3;n=500",""
1591,"submitted_sim2_interaction",1,41,27695901,"core","k=3;p_numeric=6;q_categorical=3;n=500",""
1592,"submitted_sim2_interaction",1,42,27696001,"core","k=3;p_numeric=6;q_categorical=3;n=500",""
1593,"submitted_sim2_interaction",1,43,27696101,"core","k=3;p_numeric=6;q_categorical=3;n=500",""
1594,"submitted_sim2_interaction",1,44,27696201,"core","k=3;p_numeric=6;q_categorical=3;n=500",""
1595,"submitted_sim2_interaction",1,45,27696301,"core","k=3;p_numeric=6;q_categorical=3;n=500",""
1596,"submitted_sim2_interaction",1,46,27696401,"core","k=3;p_numeric=6;q_categorical=3;n=500",""
1597,"submitted_sim2_interaction",1,47,27696501,"core","k=3;p_numeric=6;q_categorical=3;n=500",""
1598,"submitted_sim2_interaction",1,48,27696601,"core","k=3;p_numeric=6;q_categorical=3;n=500",""
1599,"submitted_sim2_interaction",1,49,27696701,"core","k=3;p_numeric=6;q_categorical=3;n=500",""
1600,"submitted_sim2_interaction",1,50,27696801,"core","k=3;p_numeric=6;q_categorical=3;n=500",""
1601,"submitted_sim2_interaction",2,1,27691901,"core","k=3;p_numeric=6;q_categorical=3;n=1000",""
1602,"submitted_sim2_interaction",2,2,27692001,"core","k=3;p_numeric=6;q_categorical=3;n=1000",""
1603,"submitted_sim2_interaction",2,3,27692101,"core","k=3;p_numeric=6;q_categorical=3;n=1000",""
1604,"submitted_sim2_interaction",2,4,27692201,"core","k=3;p_numeric=6;q_categorical=3;n=1000",""
1605,"submitted_sim2_interaction",2,5,27692301,"core","k=3;p_numeric=6;q_categorical=3;n=1000",""
1606,"submitted_sim2_interaction",2,6,27692401,"core","k=3;p_numeric=6;q_categorical=3;n=1000",""
1607,"submitted_sim2_interaction",2,7,27692501,"core","k=3;p_numeric=6;q_categorical=3;n=1000",""
1608,"submitted_sim2_interaction",2,8,27692601,"core","k=3;p_numeric=6;q_categorical=3;n=1000",""
1609,"submitted_sim2_interaction",2,9,27692701,"core","k=3;p_numeric=6;q_categorical=3;n=1000",""
1610,"submitted_sim2_interaction",2,10,27692801,"core","k=3;p_numeric=6;q_categorical=3;n=1000",""
1611,"submitted_sim2_interaction",2,11,27692901,"core","k=3;p_numeric=6;q_categorical=3;n=1000",""
1612,"submitted_sim2_interaction",2,12,27693001,"core","k=3;p_numeric=6;q_categorical=3;n=1000",""
1613,"submitted_sim2_interaction",2,13,27693101,"core","k=3;p_numeric=6;q_categorical=3;n=1000",""
1614,"submitted_sim2_interaction",2,14,27693201,"core","k=3;p_numeric=6;q_categorical=3;n=1000",""
1615,"submitted_sim2_interaction",2,15,27693301,"core","k=3;p_numeric=6;q_categorical=3;n=1000",""
1616,"submitted_sim2_interaction",2,16,27693401,"core","k=3;p_numeric=6;q_categorical=3;n=1000",""
1617,"submitted_sim2_interaction",2,17,27693501,"core","k=3;p_numeric=6;q_categorical=3;n=1000",""
1618,"submitted_sim2_interaction",2,18,27693601,"core","k=3;p_numeric=6;q_categorical=3;n=1000",""
1619,"submitted_sim2_interaction",2,19,27693701,"core","k=3;p_numeric=6;q_categorical=3;n=1000",""
1620,"submitted_sim2_interaction",2,20,27693801,"core","k=3;p_numeric=6;q_categorical=3;n=1000",""
1621,"submitted_sim2_interaction",2,21,27693901,"core","k=3;p_numeric=6;q_categorical=3;n=1000",""
1622,"submitted_sim2_interaction",2,22,27694001,"core","k=3;p_numeric=6;q_categorical=3;n=1000",""
1623,"submitted_sim2_interaction",2,23,27694101,"core","k=3;p_numeric=6;q_categorical=3;n=1000",""
1624,"submitted_sim2_interaction",2,24,27694201,"core","k=3;p_numeric=6;q_categorical=3;n=1000",""
1625,"submitted_sim2_interaction",2,25,27694301,"core","k=3;p_numeric=6;q_categorical=3;n=1000",""
1626,"submitted_sim2_interaction",2,26,27694401,"core","k=3;p_numeric=6;q_categorical=3;n=1000",""
1627,"submitted_sim2_interaction",2,27,27694501,"core","k=3;p_numeric=6;q_categorical=3;n=1000",""
1628,"submitted_sim2_interaction",2,28,27694601,"core","k=3;p_numeric=6;q_categorical=3;n=1000",""
1629,"submitted_sim2_interaction",2,29,27694701,"core","k=3;p_numeric=6;q_categorical=3;n=1000",""
1630,"submitted_sim2_interaction",2,30,27694801,"core","k=3;p_numeric=6;q_categorical=3;n=1000",""
1631,"submitted_sim2_interaction",2,31,27694901,"core","k=3;p_numeric=6;q_categorical=3;n=1000",""
1632,"submitted_sim2_interaction",2,32,27695001,"core","k=3;p_numeric=6;q_categorical=3;n=1000",""
1633,"submitted_sim2_interaction",2,33,27695101,"core","k=3;p_numeric=6;q_categorical=3;n=1000",""
1634,"submitted_sim2_interaction",2,34,27695201,"core","k=3;p_numeric=6;q_categorical=3;n=1000",""
1635,"submitted_sim2_interaction",2,35,27695301,"core","k=3;p_numeric=6;q_categorical=3;n=1000",""
1636,"submitted_sim2_interaction",2,36,27695401,"core","k=3;p_numeric=6;q_categorical=3;n=1000",""
1637,"submitted_sim2_interaction",2,37,27695501,"core","k=3;p_numeric=6;q_categorical=3;n=1000",""
1638,"submitted_sim2_interaction",2,38,27695601,"core","k=3;p_numeric=6;q_categorical=3;n=1000",""
1639,"submitted_sim2_interaction",2,39,27695701,"core","k=3;p_numeric=6;q_categorical=3;n=1000",""
1640,"submitted_sim2_interaction",2,40,27695801,"core","k=3;p_numeric=6;q_categorical=3;n=1000",""
1641,"submitted_sim2_interaction",2,41,27695901,"core","k=3;p_numeric=6;q_categorical=3;n=1000",""
1642,"submitted_sim2_interaction",2,42,27696001,"core","k=3;p_numeric=6;q_categorical=3;n=1000",""
1643,"submitted_sim2_interaction",2,43,27696101,"core","k=3;p_numeric=6;q_categorical=3;n=1000",""
1644,"submitted_sim2_interaction",2,44,27696201,"core","k=3;p_numeric=6;q_categorical=3;n=1000",""
1645,"submitted_sim2_interaction",2,45,27696301,"core","k=3;p_numeric=6;q_categorical=3;n=1000",""
1646,"submitted_sim2_interaction",2,46,27696401,"core","k=3;p_numeric=6;q_categorical=3;n=1000",""
1647,"submitted_sim2_interaction",2,47,27696501,"core","k=3;p_numeric=6;q_categorical=3;n=1000",""
1648,"submitted_sim2_interaction",2,48,27696601,"core","k=3;p_numeric=6;q_categorical=3;n=1000",""
1649,"submitted_sim2_interaction",2,49,27696701,"core","k=3;p_numeric=6;q_categorical=3;n=1000",""
1650,"submitted_sim2_interaction",2,50,27696801,"core","k=3;p_numeric=6;q_categorical=3;n=1000",""
